PitchNo	Date	Time	PAofInning	PitchofPA	Pitcher	PitcherId	PitcherThrows	PitcherTeam	Batter	BatterId	BatterSide	BatterTeam	PitcherSet	Inning	Top/Bottom	Outs	Balls	Strikes	TaggedPitchType	AutoPitchType	PitchCall	KorBB	TaggedHitType	PlayResult	OutsOnPlay	RunsScored	Notes	RelSpeed	VertRelAngle	HorzRelAngle	SpinRate	SpinAxis	Tilt	RelHeight	RelSide	Extension	VertBreak	InducedVertBreak	HorzBreak	PlateLocHeight	PlateLocSide	ZoneSpeed	VertApprAngle	HorzApprAngle	ZoneTime	ExitSpeed	Angle	Direction	HitSpinRate	PositionAt110X	PositionAt110Y	PositionAt110Z	Distance	LastTrackedDistance	Bearing	HangTime	pfxx	pfxz	x0	y0	z0	vx0	vy0	vz0	ax0	ay0	az0	HomeTeam	AwayTeam	Stadium	Level	League	GameID	PitchUID	EffectiveVelo	MaxHeight	MeasuredDuration	SpeedDrop	PitchLastMeasuredX	PitchLastMeasuredY	PitchLastMeasuredZ	ContactPositionX	ContactPositionY	ContactPositionZ	GameUID	UTCDate	UTCTime	LocalDateTime	UTCDateTime	AutoHitType	System	HomeTeamForeignID	AwayTeamForeignID	GameForeignID	Catcher	CatcherId	CatcherThrows	CatcherTeam	PlayID	PitchTrajectoryXc0	PitchTrajectoryXc1	PitchTrajectoryXc2	PitchTrajectoryYc0	PitchTrajectoryYc1	PitchTrajectoryYc2	PitchTrajectoryZc0	PitchTrajectoryZc1	PitchTrajectoryZc2	HitSpinAxis	HitTrajectoryXc0	HitTrajectoryXc1	HitTrajectoryXc2	HitTrajectoryXc3	HitTrajectoryXc4	HitTrajectoryXc5	HitTrajectoryXc6	HitTrajectoryXc7	HitTrajectoryXc8	HitTrajectoryYc0	HitTrajectoryYc1	HitTrajectoryYc2	HitTrajectoryYc3	HitTrajectoryYc4	HitTrajectoryYc5	HitTrajectoryYc6	HitTrajectoryYc7	HitTrajectoryYc8	HitTrajectoryZc0	HitTrajectoryZc1	HitTrajectoryZc2	HitTrajectoryZc3	HitTrajectoryZc4	HitTrajectoryZc5	HitTrajectoryZc6	HitTrajectoryZc7	HitTrajectoryZc8	ThrowSpeed	PopTime	ExchangeTime	TimeToBase	CatchPositionX	CatchPositionY	CatchPositionZ	ThrowPositionX	ThrowPositionY	ThrowPositionZ	BasePositionX	BasePositionY	BasePositionZ	ThrowTrajectoryXc0	ThrowTrajectoryXc1	ThrowTrajectoryXc2	ThrowTrajectoryYc0	ThrowTrajectoryYc1	ThrowTrajectoryYc2	ThrowTrajectoryZc0	ThrowTrajectoryZc1	ThrowTrajectoryZc2	PitchReleaseConfidence	PitchLocationConfidence	PitchMovementConfidence	HitLaunchConfidence	HitLandingConfidence	CatcherThrowCatchConfidence	CatcherThrowReleaseConfidence	CatcherThrowLocationConfidence
30	6/3/2025	22:52.2	1	8	Howard, Flynn	1000220099	Right	UPP_VAL	Parks, Samuel	1000228989	Left	NSH_N	Undefined	1	Bottom	0	3	2	Fastball	Four-Seam	StrikeCalled	Strikeout	Undefined	Undefined	0	0		88.1371	-1.980659	-0.756673	2045.900279	208.589897	1:00	6.03268	1.2068	6.11132	-21.51312	14.44434	7.19906	2.40765	1.10704	80.07288	-6.048941	0.541558	0.431585												-3.91603	8.41556	-1.15228	50	5.86946	1.38922	-127.89098	-5.06204	-6.43055	28.47409	-18.35474	NSH_N	UPP_VAL	FraserField	NECBL	NECL	20250603-FraserField-1	49708380-40c9-11f0-b7bb-43e5970371a5	87.335			8.06423							15a45e52-862d-4085-a6c4-96174483653f	6/3/2025	22:52.2	2025-06-03T18:22:52.1619968-04:00	2025-06-03T22:22:52.1619968Z		v3				MacDougall, Ryan	1000268563	Right	UPP_VAL	5b00b17f-dc70-4a9f-8d90-19bca91cac83	54.38342	-128.86323	14.23705	6.0316	-4.43532	-9.17737	-1.20346	1.60879	-3.21528																																																			High	High	High					
34	6/3/2025	24:05.6	2	4	Howard, Flynn	1000220099	Right	UPP_VAL	Wilson, Ethan	1000303711	Right	NSH_N	Undefined	1	Bottom	1	1	2	Curveball	Slider	StrikeCalled	Strikeout	Undefined	Undefined	0	0		81.01267	-0.245617	-1.299097	2437.568601	71.320061	8:30	6.12626	1.0447	5.21474	-48.23818	-3.11929	-14.66741	1.8754	-1.39931	72.36706	-9.048939	-3.902708	0.483449												6.80843	-0.92894	-0.91327	50	6.06786	3.28141	-117.1679	-2.24544	9.13476	29.32081	-33.42036	NSH_N	UPP_VAL	FraserField	NECBL	NECL	20250603-FraserField-1	756c2070-40c9-11f0-b7bb-43e5970371a5	77.96571			8.64561							15a45e52-862d-4085-a6c4-96174483653f	6/3/2025	24:05.6	2025-06-03T18:24:05.5763456-04:00	2025-06-03T22:24:05.5763456Z		v3				MacDougall, Ryan	1000268563	Right	UPP_VAL	b959ceae-0a55-48da-8759-581bdc61cac0	55.27982	-118.48179	14.6604	6.13492	-0.74785	-16.71018	-1.05115	2.87207	4.56738																																																			High	High	High					
40	6/3/2025	25:52.5	3	6	Howard, Flynn	1000220099	Right	UPP_VAL	Gold, Jack	1000108729	Left	NSH_N	Undefined	1	Bottom	2	3	2	Fastball	Four-Seam	BallCalled	Walk	Undefined	Undefined	0	0		89.78336	-0.408823	-1.582084	2199.22827	216.200462	1:15	6.07287	1.28615	6.03161	-20.69265	14.19107	9.48323	3.96975	0.61099	81.02413	-4.34217	0.124119	0.425092												-5.32898	7.77689	-1.16739	50	6.02979	3.18607	-130.24102	-1.55678	-9.03636	30.61595	-18.98674	NSH_N	UPP_VAL	FraserField	NECBL	NECL	20250603-FraserField-1	b4ec8910-40c9-11f0-b7bb-43e5970371a5	88.66891			8.75923							15a45e52-862d-4085-a6c4-96174483653f	6/3/2025	25:52.5	2025-06-03T18:25:52.5317120-04:00	2025-06-03T22:25:52.5317120Z		v3				MacDougall, Ryan	1000268563	Right	UPP_VAL	82c457f9-cb93-4c66-84b6-3b332ce5251f	54.46237	-131.28581	15.30798	6.07186	-0.90885	-9.49337	-1.28137	3.49444	-4.51818																																																			High	High	High					
44	6/3/2025	27:25.1	4	4	Howard, Flynn	1000220099	Right	UPP_VAL	Jaconski, Jesse	810825	Right	NSH_N	Undefined	1	Bottom	2	1	2	Curveball	Curveball	InPlay	Undefined	LineDrive	Out	1	0		78.60676	0.407048	-0.457553	2480.642782	64.546315	8:15	6.0736	0.88794	5.53117	-53.31093	-6.27981	-17.0208	2.01153	-0.95818	70.68471	-9.351412	-3.499083	0.493588	82.73393	13.504283	-17.269462	1551.324125	104.07693	9.12181	-35.6083	150.02287	141.52823	-19.814325	1.482831	8.42615	-2.79988	-0.83657	50	6.07376	1.58343	-113.89716	-0.9978	10.74243	26.66149	-35.7436	NSH_N	UPP_VAL	FraserField	NECBL	NECL	20250603-FraserField-1	ec3de990-40c9-11f0-b7bb-43e5970371a5	76.36424	11.39626		7.92205				1.33598	1.99331	0.9561	15a45e52-862d-4085-a6c4-96174483653f	6/3/2025	27:25.1	2025-06-03T18:27:25.1192832-04:00	2025-06-03T22:27:25.1192832Z	LineDrive	v3				MacDougall, Ryan	1000268563	Right	UPP_VAL	56a518fa-4cdc-43e2-a58f-413e2670c7e8	54.96601	-115.05375	13.33075	6.08342	0.55278	-17.8718	-0.89515	1.11741	5.37122	64.737921	1.33598	112.66909	-15.31858	2.61198	-0.529	0.07555	-0.00722	-0.00084	0.00033	1.99331	28.33577	-22.75687	2.4104	-0.49351	0.09476	-0.01394	0.00156	-8.00E-05	0.9561	-35.0266	-1.20443	1.24419	-0.36304	0.07525	-0.00312	-0.00298	0.00069																							High	High	High	High	High			
62	6/3/2025	38:13.4	1	2	Howard, Flynn	1000220099	Right	UPP_VAL	Dalton, Brody	823913	Left	NSH_N	Undefined	2	Bottom	0	0	1	Fastball	Sinker	InPlay	Undefined	GroundBall	Out	1	0		88.15757	-0.52342	-2.043695	2176.728276	226.45019	1:30	6.071	1.25422	5.91315	-26.02407	10.16839	9.40343	3.41622	0.1403	80.02524	-5.395743	-0.355719	0.432992	60.72954	-31.211341	46.029907					6.50591	6.43079	37.602986	0.073553	-5.44398	5.72859	-1.09574	50	6.01429	4.17284	-127.92268	-2.01956	-8.94391	28.49192	-22.76251	NSH_N	UPP_VAL	FraserField	NECBL	NECL	20250603-FraserField-1	6ea15150-40cb-11f0-b7bb-43e5970371a5	87.05103	3.41736		8.13233				1.23846	3.41736	-0.08945	15a45e52-862d-4085-a6c4-96174483653f	6/3/2025	38:13.4	2025-06-03T18:38:13.3694976-04:00	2025-06-03T22:38:13.3694976Z	GroundBall	v3				MacDougall, Ryan	1000268563	Right	UPP_VAL	c54a32e2-e4ec-4de1-a6c4-3d83475858d5	54.58368	-128.93955	14.24596	6.07187	-1.20717	-11.38125	-1.25037	4.49204	-4.47196	180	1.23432	53.23911								3.42097	-46.46112								-0.09374	55.18833																														High	High	High	Low	Low			
68	6/3/2025	40:03.3	2	6	Howard, Flynn	1000220099	Right	UPP_VAL	Marot, Alex	823917	Right	NSH_N	Undefined	2	Bottom	1	2	2	Fastball	Cutter	StrikeCalled	Strikeout	Undefined	Undefined	0	0		87.13054	-0.187417	-2.173148	2162.833809	199.512541	12:45	5.91288	1.25226	6.16744	-27.45072	9.54252	2.90677	3.45209	-0.51371	78.50953	-5.360549	-1.649103	0.437757												-2.19725	5.39862	-1.089	50	5.88496	4.67393	-126.33812	-1.26723	-3.49312	29.67446	-23.59155	NSH_N	UPP_VAL	FraserField	NECBL	NECL	20250603-FraserField-1	b00d0f30-40cb-11f0-b7bb-43e5970371a5	86.10364			8.62101							15a45e52-862d-4085-a6c4-96174483653f	6/3/2025	40:03.3	2025-06-03T18:40:03.3174528-04:00	2025-06-03T22:40:03.3174528Z		v3				MacDougall, Ryan	1000268563	Right	UPP_VAL	f847f7b0-ae15-4df5-9810-0e6ea03c39ad	54.32613	-127.35019	14.83723	5.91446	-0.46262	-11.79577	-1.25044	4.79306	-1.74656																																																			High	High	High					
74	6/3/2025	41:56.0	3	6	Howard, Flynn	1000220099	Right	UPP_VAL	Wright, Brooks	1000223489	Left	NSH_N	Undefined	2	Bottom	2	3	2	Slider	Curveball	BallCalled	Walk	Undefined	Undefined	0	0		76.56405	2.758773	1.593235	2429.272034	58.89567	8:00	5.97153	1.2939	5.30097	-54.0866	-4.5891	-10.523	4.0572	1.91306	69.1594	-7.122979	-0.274431	0.506364												5.72284	-2.57551	-1.43087	50	6.18353	-2.65821	-110.8468	3.48865	7.01696	22.49627	-35.33199	NSH_N	UPP_VAL	FraserField	NECBL	NECL	20250603-FraserField-1	f35be4f0-40cb-11f0-b7bb-43e5970371a5	74.43738			7.40465							15a45e52-862d-4085-a6c4-96174483653f	6/3/2025	41:56.0	2025-06-03T18:41:55.9919616-04:00	2025-06-03T22:41:55.9919616Z		v3				MacDougall, Ryan	1000268563	Right	UPP_VAL	5738b266-4f4d-46ad-9762-96927ac5c373	55.19566	-111.89628	11.24814	5.98233	5.13695	-17.66599	-1.29923	-2.98556	3.50848																																																			High	High	High					
91	6/3/2025	53:02.4	1	3	Howard, Flynn	1000220099	Right	UPP_VAL	Sengenberger, Aidan	10034113	Right	NSH_N	Undefined	3	Bottom	0	0	2	ChangeUp	Changeup	StrikeSwinging	Strikeout	Undefined	Undefined	0	0		83.33232	-1.31357	-4.24473	1801.382174	251.30988	2:30	5.80586	1.29784	5.97322	-31.89348	8.80894	21.74576	1.92677	-0.83228	75.51094	-7.260969	-0.343636	0.459179												-12.46977	5.35855	-0.97342	50	5.6841	8.09501	-120.65266	-3.77155	-18.16509	26.04943	-24.3681	NSH_N	UPP_VAL	FraserField	NECBL	NECL	20250603-FraserField-1	80802340-40cd-11f0-b7bb-43e5970371a5	82.08666			7.82138							15a45e52-862d-4085-a6c4-96174483653f	6/3/2025	53:02.4	2025-06-03T18:53:02.4323072-04:00	2025-06-03T22:53:02.4323072Z		v3				MacDougall, Ryan	1000268563	Right	UPP_VAL	61091626-0d97-4181-82c6-fc3965187467	54.52445	-121.62558	13.02471	5.80797	-2.86142	-12.18405	-1.28843	8.77346	-9.08255																																																			High	High	High					
93	6/3/2025	53:42.2	2	2	Howard, Flynn	1000220099	Right	UPP_VAL	Rickheim, Jack	831897	Right	NSH_N	Undefined	3	Bottom	1	0	0	Fastball	Slider	InPlay	Undefined	Popup	Out	1	0		86.14293	-0.504474	-2.249034	2130.083732	215.193249	1:15	5.918	1.25823	6.15958	-28.07813	9.55142	5.82193	3.11176	-0.33532	78.12564	-5.777205	-1.199368	0.441505	82.03002	71.178768	3.914713						60.35742			-3.70977	5.47492	-1.09047	50	5.86542	4.67942	-125.0051	-1.9671	-5.80713	27.72064	-23.60381	NSH_N	UPP_VAL	FraserField	NECBL	NECL	20250603-FraserField-1	983e04c0-40cd-11f0-b7bb-43e5970371a5	85.37253	71.01159		8.01729				0.94697	3.3997	0.15773	15a45e52-862d-4085-a6c4-96174483653f	6/3/2025	53:42.2	2025-06-03T18:53:42.2153728-04:00	2025-06-03T22:53:42.2153728Z		v3				MacDougall, Ryan	1000268563	Right	UPP_VAL	151134c5-13d2-4e96-b616-edd8a2e55033	54.33687	-125.96316	13.86032	5.91931	-1.15133	-11.8019	-1.25566	4.88012	-2.90356	174.670962	0.94697	38.72359	-19.75313	7.22116	-2.06858	0.55254	-0.14175	0.03182	-0.00448	3.3997	113.87747	-30.55717	3.62915	-0.41356	-0.02668	0.034	-0.01282	0.00241	0.15773	2.6499	-5.42066	2.30377	-0.71768	0.20346	-0.05476	0.01279	-0.00186																							High	High	High	High	Undefined			
97	6/3/2025	54:49.3	3	4	Howard, Flynn	1000220099	Right	UPP_VAL	Parks, Samuel	1000228989	Left	NSH_N	Undefined	3	Bottom	2	3	0	Fastball	Sinker	InPlay	Undefined	GroundBall	Out	1	0		87.99831	-1.811817	-2.074751	2081.776007	226.663234	1:30	5.85531	1.44155	6.01325	-23.67934	12.49898	11.94493	2.20199	0.51418	80.05454	-6.259873	0.074217	0.432908	72.36424	-0.895221	3.351967	1496.778536				30.23226	29.27386	1.947486	0.289897	-6.76933	7.33662	-1.28529	50	5.70024	4.13432	-127.66727	-4.78097	-11.08923	28.10917	-20.15548	NSH_N	UPP_VAL	FraserField	NECBL	NECL	20250603-FraserField-1	c03c8370-40cd-11f0-b7bb-43e5970371a5	87.06801	2.1075		7.94377				0.38512	2.1075	-0.54025	15a45e52-862d-4085-a6c4-96174483653f	6/3/2025	54:49.3	2025-06-03T18:54:49.3381120-04:00	2025-06-03T22:54:49.3381120Z	GroundBall	v3				MacDougall, Ryan	1000268563	Right	UPP_VAL	48efa7a3-f4d9-4fe8-b364-be6387f409a9	54.4837	-128.65068	14.05458	5.85517	-4.07582	-10.07774	-1.43671	4.52228	-5.54461	29.65816	0.38601	105.89865	-10.37375							2.10939	-1.74434	-19.10441							-0.53975	6.18204	-2.6831																													High	High	High	High	High			
115	6/3/2025	06:39.2	1	1	Howard, Flynn	1000220099	Right	UPP_VAL	Wilson, Ethan	1000303711	Right	NSH_N	Undefined	4	Bottom	0	0	0	Fastball	Changeup	InPlay	Undefined	GroundBall	Error	0	0		84.97593	-1.429172	-2.740601	2091.673391	218.589255	1:15	5.9124	1.47797	6.2731	-24.40777	13.97595	10.12461	2.55921	-0.20656	77.38649	-6.041669	-0.911986	0.445908												-6.04646	8.06473	-1.27997	50	5.79478	5.50955	-123.29426	-3.77393	-9.25311	25.84762	-19.83229	NSH_N	UPP_VAL	FraserField	NECBL	NECL	20250603-FraserField-1	6757a350-40cf-11f0-b7bb-43e5970371a5	84.5297			7.58944							15a45e52-862d-4085-a6c4-96174483653f	6/3/2025	06:39.2	2025-06-03T19:06:39.2139264-04:00	2025-06-03T23:06:39.2139264Z		v3				MacDougall, Ryan	1000268563	Right	UPP_VAL	63a93f3c-e4e3-4e7e-8c76-ba0c1b223f3c	54.22301	-124.17642	12.92381	5.91203	-3.09706	-9.91615	-1.4734	5.82535	-4.62656																																																			High	High	High					
119	6/3/2025	08:27.2	2	4	Howard, Flynn	1000220099	Right	UPP_VAL	Gold, Jack	1000108729	Left	NSH_N	Undefined	4	Bottom	0	0	2	Fastball	Changeup	StrikeCalled	Strikeout	Undefined	Undefined	0	0		86.54297	-1.059817	-2.857315	2130.592792	225.938817	1:30	6.03683	1.29757	5.68668	-27.88171	10.23142	9.16784	2.72421	-0.6038	78.27157	-6.255255	-1.219743	0.444333												-5.53756	5.93103	-1.06282	50	5.93039	5.86416	-125.36119	-3.25479	-8.70062	28.3368	-22.85521	NSH_N	UPP_VAL	FraserField	NECBL	NECL	20250603-FraserField-1	a79f7aa0-40cf-11f0-b7bb-43e5970371a5	84.82923			8.2714							15a45e52-862d-4085-a6c4-96174483653f	6/3/2025	08:27.2	2025-06-03T19:08:27.2312320-04:00	2025-06-03T23:08:27.2312320Z		v3				MacDougall, Ryan	1000268563	Right	UPP_VAL	75167eb9-f7df-444d-a9e9-c12152b7028f	54.8084	-126.44342	14.1684	6.03803	-2.38192	-11.42761	-1.29312	6.19645	-4.35031																																																			High	High	High					
125	6/3/2025	10:28.4	3	6	Howard, Flynn	1000220099	Right	UPP_VAL	Jaconski, Jesse	810825	Right	NSH_N	Undefined	4	Bottom	1	3	2	Fastball	Changeup	StrikeSwinging	Strikeout	Undefined	Undefined	0	0		84.21706	-2.081334	-2.545928	2059.66412	217.962895	1:15	5.93635	1.30289	6.04513	-29.45557	10.38646	6.965	1.55209	-0.47524	76.15552	-7.592167	-1.292294	0.454299												-4.40933	6.45583	-1.10822	50	5.75845	5.14849	-122.00234	-5.34211	-6.53647	27.68757	-22.60382	NSH_N	UPP_VAL	FraserField	NECBL	NECL	20250603-FraserField-1	eff40500-40cf-11f0-b7bb-43e5970371a5	82.96828			8.06153							15a45e52-862d-4085-a6c4-96174483653f	6/3/2025	10:28.4	2025-06-03T19:10:28.4155904-04:00	2025-06-03T23:10:28.4155904Z		v3				MacDougall, Ryan	1000268563	Right	UPP_VAL	38e36efc-20ed-4226-8abd-d86fae1c1ccc	54.4499	-123.00806	13.84378	5.93759	-4.52104	-11.30191	-1.29954	5.38592	-3.26824																																																			High	High	High					
127	6/3/2025	11:19.6	4	2	Howard, Flynn	1000220099	Right	UPP_VAL	Dalton, Brody	823913	Left	NSH_N	Undefined	4	Bottom	2	0	1	ChangeUp	Changeup	InPlay	Undefined	GroundBall	Out	1	0		81.75138	-0.227481	-3.20184	1898.981395	260.733338	2:45	5.7857	1.70698	5.97602	-37.54439	4.49591	18.77513	2.4458	0.30039	74.38862	-7.192085	0.171975	0.466664	89.13108	-8.840272	33.996317					18.89552	17.87214	29.536364	0.133968	-10.64953	2.7813	-1.46415	50	5.74688	5.91782	-118.58233	-1.65539	-15.0284	24.5669	-28.24914	NSH_N	UPP_VAL	FraserField	NECBL	NECL	20250603-FraserField-1	0e8ef330-40d0-11f0-b7bb-43e5970371a5	80.76999	2.69692		7.36276				2.06343	2.69692	-0.38068	15a45e52-862d-4085-a6c4-96174483653f	6/3/2025	11:19.6	2025-06-03T19:11:19.6051456-04:00	2025-06-03T23:11:19.6051456Z	GroundBall	v3				MacDougall, Ryan	1000268563	Right	UPP_VAL	7cf936f2-a45d-446a-90b9-1045667ccd9f	54.52275	-119.51564	12.28345	5.78939	-0.58219	-14.12457	-1.69982	6.48876	-7.5142	180	2.0587	107.31297								2.69781	-20.13111								-0.38387	72.37348																														High	High	High	Medium	High			
137	6/3/2025	19:36.3	1	3	Potter, Aaron	1000226268	Right	UPP_VAL	Marot, Alex	823917	Right	NSH_N	Undefined	5	Bottom	0	0	2	Fastball	Four-Seam	StrikeSwinging	Strikeout	Undefined	Undefined	0	0		91.98949	-1.743798	-3.73581	2216.734222	214.596064	1:15	5.66394	2.4848	6.30014	-13.93072	19.29288	12.43603	2.89251	0.0743	82.41707	-4.476942	-1.493299	0.414853												-7.64115	10.92119	-2.21552	50	5.52866	8.15593	-133.14372	-4.38757	-13.45208	33.7242	-12.94759	NSH_N	UPP_VAL	FraserField	NECBL	NECL	20250603-FraserField-1	3663fb70-40d1-11f0-b7bb-43e5970371a5	90.85724			9.57243							15a45e52-862d-4085-a6c4-96174483653f	6/3/2025	19:36.3	2025-06-03T19:19:36.2687488-04:00	2025-06-03T23:19:36.2687488Z		v3				MacDougall, Ryan	1000268563	Right	UPP_VAL	17f61ee3-c4ae-4c35-ae57-18b2ccf1112e	54.19347	-134.20169	16.8621	5.65993	-3.98138	-6.47379	-2.478	8.57794	-6.72604																																																			High	High	High					
144	6/3/2025	22:17.3	2	7	Potter, Aaron	1000226268	Right	UPP_VAL	Wright, Brooks	1000223489	Left	NSH_N	Undefined	5	Bottom	1	2	2	Fastball	Four-Seam	StrikeCalled	Strikeout	Undefined	Undefined	0	0		92.5766	-2.345105	-4.449136	2149.45294	226.666483	1:30	5.67996	2.38866	6.34647	-16.55438	15.99863	15.72284	2.13396	-0.40491	83.65278	-5.529889	-1.613892	0.410645												-9.57071	9.39812	-2.07208	50	5.50124	9.77167	-133.99035	-5.95897	-17.19941	32.05622	-15.28482	NSH_N	UPP_VAL	FraserField	NECBL	NECL	20250603-FraserField-1	966aa780-40d1-11f0-b7bb-43e5970371a5	91.7883			8.92382							15a45e52-862d-4085-a6c4-96174483653f	6/3/2025	22:17.3	2025-06-03T19:22:17.2623360-04:00	2025-06-03T23:22:17.2623360Z		v3				MacDougall, Ryan	1000268563	Right	UPP_VAL	83b70d50-8505-490a-a4f9-9d423b9600ed	54.15062	-134.9797	16.02811	5.67787	-5.48723	-7.64241	-2.38185	10.3025	-8.5997																																																			High	High	High					
147	6/3/2025	23:32.1	3	3	Potter, Aaron	1000226268	Right	UPP_VAL	Sengenberger, Aidan	10034113	Right	NSH_N	Undefined	5	Bottom	2	0	2	Fastball	Four-Seam	InPlay	Undefined	LineDrive	Out	1	0		93.35576	-1.961437	-3.733034	2160.059211	212.059757	1:00	6.01131	2.20931	6.09741	-12.86367	19.77237	11.5828	3.12068	-0.28295	83.33423	-4.495258	-1.652523	0.411169	97.04016	27.417469	-5.365786	1518.596062	109.08881	50.16784	-14.12596	347.23771	341.45318	-9.835728	4.199996	-7.24008	11.2132	-1.92758	50	5.85329	8.29615	-135.02382	-4.94253	-13.05527	35.77153	-11.95444	NSH_N	UPP_VAL	FraserField	NECBL	NECL	20250603-FraserField-1	c304f570-40d1-11f0-b7bb-43e5970371a5	91.67143	63.37893		10.02153				0.39306	3.05033	0.2903	15a45e52-862d-4085-a6c4-96174483653f	6/3/2025	23:32.1	2025-06-03T19:23:32.0619008-04:00	2025-06-03T23:23:32.0619008Z	FlyBall	v3				MacDougall, Ryan	1000268563	Right	UPP_VAL	e21c8f98-3a82-41ae-9da8-59eeeabc7348	54.39678	-136.18367	17.88576	6.00726	-4.55492	-5.97722	-2.20343	8.71945	-6.52764	141.782115	0.39299	125.79281	-22.78068	6.03778	-1.6005	0.45792	-0.11932	0.0195	-0.00131	3.05174	65.49721	-19.58932	0.66203	0.5162	-0.33526	0.10239	-0.01514	0.00086	0.28968	-11.79918	-4.33363	2.60505	-0.97315	0.28635	-0.06129	0.00768	-0.0004																							High	High	High	High	High			
166	6/3/2025	35:10.4	1	6	Potter, Aaron	1000226268	Right	UPP_VAL	Rickheim, Jack	831897	Right	NSH_N	Undefined	6	Bottom	0	3	2	Fastball	Four-Seam	StrikeCalled	Strikeout	Undefined	Undefined	0	0		92.56481	-2.75655	-5.08743	2264.856533	219.516527	1:15	5.73059	2.20846	6.40019	-13.22324	19.65599	15.15395	2.08176	-1.21941	82.80031	-5.36546	-2.357192	0.412698												-9.53241	11.49493	-1.84899	50	5.52569	11.2473	-133.66154	-6.75047	-16.8917	34.3082	-11.8047	NSH_N	UPP_VAL	FraserField	NECBL	NECL	20250603-FraserField-1	634356c0-40d3-11f0-b7bb-43e5970371a5	91.33178			9.7645							15a45e52-862d-4085-a6c4-96174483653f	6/3/2025	35:10.4	2025-06-03T19:35:10.4002560-04:00	2025-06-03T23:35:10.4002560Z		v3				MacDougall, Ryan	1000268563	Right	UPP_VAL	b7a193ca-a3a1-4bbb-8135-3c7b63d883d5	54.09366	-134.7082	17.1541	5.72613	-6.39034	-5.90235	-2.19998	11.76263	-8.44585																																																			High	High	High					
171	6/3/2025	36:49.5	2	5	Potter, Aaron	1000226268	Right	UPP_VAL	Parks, Samuel	1000228989	Left	NSH_N	Undefined	6	Bottom	1	1	2	Fastball	Four-Seam	StrikeSwinging	Strikeout	Undefined	Undefined	0	0		92.20934	-2.461564	-2.426715	2121.684677	194.166394	12:30	5.84253	2.27838	6.2501	-10.97741	22.33604	5.30083	2.65423	0.48083	82.13631	-4.669343	-1.470329	0.415414												-3.57232	12.753	-2.10032	50	5.65361	5.42063	-133.43335	-5.93346	-6.27243	35.69163	-9.78177	NSH_N	UPP_VAL	FraserField	NECBL	NECL	20250603-FraserField-1	9e4981e0-40d3-11f0-b7bb-43e5970371a5	90.73465			10.07303							15a45e52-862d-4085-a6c4-96174483653f	6/3/2025	36:49.5	2025-06-03T19:36:49.5232512-04:00	2025-06-03T23:36:49.5232512Z		v3				MacDougall, Ryan	1000268563	Right	UPP_VAL	2c75f582-043a-4cb5-94e6-7bdba6c241d5	54.24132	-134.56306	17.84581	5.83652	-5.62385	-4.89088	-2.27504	5.61916	-3.13622																																																			High	High	High					
175	6/3/2025	38:17.2	3	4	Potter, Aaron	1000226268	Right	UPP_VAL	Wilson, Ethan	1000303711	Right	NSH_N	Undefined	6	Bottom	2	3	0	Fastball	Four-Seam	BallCalled	Walk	Undefined	Undefined	0	0		91.78323	-0.858921	-3.22537	2074.920975	205.746408	12:45	5.82404	2.40841	6.29064	-10.49477	23.00241	10.46044	4.15666	0.30477	81.75252	-2.988041	-1.338416	0.416558												-6.4591	12.50351	-2.17514	50	5.755	7.02415	-132.86491	-2.1536	-11.26949	34.82156	-10.35858	NSH_N	UPP_VAL	FraserField	NECBL	NECL	20250603-FraserField-1	d29a9ab0-40d3-11f0-b7bb-43e5970371a5	90.48542			10.0307							15a45e52-862d-4085-a6c4-96174483653f	6/3/2025	38:17.2	2025-06-03T19:38:17.1744256-04:00	2025-06-03T23:38:17.1744256Z		v3				MacDougall, Ryan	1000268563	Right	UPP_VAL	880ea729-b3fc-4aa3-8c17-87ed5e340910	54.20059	-133.96129	17.41078	5.81767	-1.82745	-5.17929	-2.40188	7.37897	-5.63474																																																			High	High	High					
177	6/3/2025	39:28.0	4	2	Potter, Aaron	1000226268	Right	UPP_VAL	Gold, Jack	1000108729	Left	NSH_N	Undefined	6	Bottom	2	0	1	Fastball	Four-Seam	InPlay	Undefined	Popup	Out	1	0		92.12621	-2.707612	-3.909232	2140.913505	215.617125	1:15	5.77016	2.15327	6.20044	-15.03824	18.09233	12.09115	2.00994	-0.45327	83.05621	-5.617002	-1.733364	0.414272	47.60713	31.540909	2.182332	2568.923316				125.44693	123.03438	-0.104765	2.538096	-7.50815	10.58256	-1.86497	50	5.5585	8.59756	-133.3064	-6.71704	-13.31761	32.4766	-13.40319	NSH_N	UPP_VAL	FraserField	NECBL	NECL	20250603-FraserField-1	fcc85570-40d3-11f0-b7bb-43e5970371a5	90.98469	23.83859		9.07				0.44492	1.95525	0.49568	15a45e52-862d-4085-a6c4-96174483653f	6/3/2025	39:28.0	2025-06-03T19:39:27.9753728-04:00	2025-06-03T23:39:27.9753728Z	GroundBall	v3				MacDougall, Ryan	1000268563	Right	UPP_VAL	ad49816e-739f-4921-8694-286b04484b72	54.29571	-134.34886	16.2383	5.7672	-6.28682	-6.70159	-2.14781	9.02504	-6.65881	162.518315	0.44494	59.46515	-6.92232	1.7902	-0.41384	0.14377	-0.07238	0.02292	-0.00277	1.9553	36.52113	-15.77857	0.39345	0.21848	-0.28438	0.16334	-0.04443	0.0046	0.49569	2.266	-1.6841	0.41386	-0.09515	0.03662	-0.01956	0.0062	-0.00074																							High	High	High	High	High			
219	6/3/2025	01:04.1	1	5	Potter, Aaron	1000226268	Right	UPP_VAL	Jaconski, Jesse	810825	Right	NSH_N	Undefined	7	Bottom	0	2	2	Slider	Slider	StrikeSwinging	Strikeout	Undefined	Undefined	0	0		80.69864	1.507291	-2.861643	2108.595436	61.662312	8:00	5.50073	2.69878	5.7678	-46.23109	-1.4824	-6.20823	3.05295	-0.48392	71.54489	-7.065279	-3.971017	0.481461												2.01252	-0.72595	-2.45832	50	5.59858	6.08357	-116.60863	1.52829	2.66878	29.45427	-33.1367	NSH_N	UPP_VAL	FraserField	NECBL	NECL	20250603-FraserField-1	0162bdc0-40d7-11f0-b7bb-43e5970371a5	78.28756			9.15375							15a45e52-862d-4085-a6c4-96174483653f	6/4/2025	01:04.1	2025-06-03T20:01:04.0710656-04:00	2025-06-04T00:01:04.0710656Z		v3				MacDougall, Ryan	1000268563	Right	UPP_VAL	e001e984-ab32-40eb-9e67-93734a180cd5	54.72389	-117.7958	14.72714	5.51007	2.86388	-16.56835	-2.70135	5.976	1.33439																																																			High	High	High					
226	6/3/2025	03:40.7	2	7	Potter, Aaron	1000226268	Right	UPP_VAL	Dalton, Brody	823913	Left	NSH_N	Undefined	7	Bottom	1	3	2	Slider	Curveball	StrikeSwinging	Strikeout	Undefined	Undefined	0	0		80.82601	1.176111	-2.19704	2005.099564	50.286491	7:45	5.57317	2.79006	5.76838	-52.95298	-8.52709	-12.42505	2.2559	-0.29097	72.13276	-8.569113	-4.421783	0.479722												5.4637	-4.25378	-2.60081	50	5.63909	4.98569	-116.97742	0.59946	7.30077	29.387	-37.85806	NSH_N	UPP_VAL	FraserField	NECBL	NECL	20250603-FraserField-1	5ebc9950-40d7-11f0-b7bb-43e5970371a5	78.57145			8.69325							15a45e52-862d-4085-a6c4-96174483653f	6/4/2025	03:40.7	2025-06-03T20:03:40.7054848-04:00	2025-06-04T00:03:40.7054848Z		v3				MacDougall, Ryan	1000268563	Right	UPP_VAL	c358e07c-6945-42ac-a262-1d9fa4b0fc19	54.72742	-118.15907	14.6935	5.58438	2.12173	-18.92903	-2.79538	4.69213	3.65038																																																			High	High	High					
234	6/3/2025	06:30.9	3	8	Potter, Aaron	1000226268	Right	UPP_VAL	Marot, Alex	823917	Right	NSH_N	Undefined	7	Bottom	2	3	2	Slider	Curveball	BallCalled	Walk	Undefined	Undefined	0	0		79.11514	2.391138	-3.36261	2012.892119	73.221753	8:30	5.39134	2.81269	6.06779	-47.62857	-1.76016	-11.85075	3.64014	-1.29019	70.51344	-6.471402	-5.487191	0.487448												4.77422	-1.18843	-2.54611	50	5.55273	7.17713	-114.35615	3.2941	6.11934	27.38505	-33.6973	NSH_N	UPP_VAL	FraserField	NECBL	NECL	20250603-FraserField-1	c4106340-40d7-11f0-b7bb-43e5970371a5	77.32609			8.60169							15a45e52-862d-4085-a6c4-96174483653f	6/4/2025	06:30.9	2025-06-03T20:06:30.9279744-04:00	2025-06-04T00:06:30.9279744Z		v3				MacDougall, Ryan	1000268563	Right	UPP_VAL	6e08d5e3-a56e-437e-a740-b7211f63c3e8	54.42552	-115.41107	13.69253	5.40084	4.59218	-16.84865	-2.81804	6.9414	3.05967																																																			High	High	High					
235	6/3/2025	08:00.2	4	1	Potter, Aaron	1000226268	Right	UPP_VAL	Wright, Brooks	1000223489	Left	NSH_N	Undefined	7	Bottom	2	0	0	Fastball	Sinker	InPlay	Undefined	FlyBall	Out	1	0		90.78574	-1.676444	-3.645671	1868.234918	223.689357	1:30	5.84636	2.19258	6.20292	-19.8695	14.24339	12.4065	2.63957	-0.14318	81.73425	-5.466571	-1.411244	0.420369	87.82882	40.548938	-5.006878	4148.023713	108.60683	83.61215	-17.45146	296.58437	296.58437	-15.915156	5.186032	-7.62996	8.2865	-1.92456	50	5.71027	7.86247	-131.47954	-4.44122	-13.13454	32.19018	-17.90933	NSH_N	UPP_VAL	FraserField	NECBL	NECL	20250603-FraserField-1	f9588640-40d7-11f0-b7bb-43e5970371a5	89.66509	100.69903		9.05149				1.98621	2.71348	0.1252	15a45e52-862d-4085-a6c4-96174483653f	6/4/2025	08:00.2	2025-06-03T20:08:00.2104320-04:00	2025-06-04T00:08:00.2104320Z	FlyBall	v3				MacDougall, Ryan	1000268563	Right	UPP_VAL	47faaee0-3284-46b0-b14f-6a54e7f4d051	54.29343	-132.52653	16.09509	5.84525	-3.85871	-8.95467	-2.18723	8.28968	-6.56727	157.872193	1.98988	97.43378	-21.55277	5.32992	-0.98273	0.15962	-0.02549	0.00306	-0.00016	2.71423	83.72254	-20.4139	1.19617	0.11935	-0.1525	0.04488	-0.00591	0.0003	0.12598	-8.55872	-3.84716	1.00725	-0.18656	0.02768	-0.00373	0.0004	-2.00E-05																							High	High	High	High	Medium			
262	6/3/2025	24:01.0	1	6	Phillips, Mason	10062877	Right	UPP_VAL	Sengenberger, Aidan	10034113	Right	NSH_N	Undefined	8	Bottom	0	2	2	Slider	Curveball	InPlay	Undefined	GroundBall	Out	1	0		72.9851	2.468483	-1.530557	2085.09945	39.496819	7:15	6.05193	1.51681	5.89935	-64.31385	-10.82871	-10.52359	2.98626	-0.78136	66.06999	-9.356496	-3.420798	0.526366	72.63238	2.645066	7.371539	2292.249372				48.22462	47.3012	9.059098	0.480501	4.83634	-5.75571	-1.38782	50	6.21445	3.20053	-105.804	2.61365	5.36319	21.70774	-38.55676	NSH_N	UPP_VAL	FraserField	NECBL	NECL	20250603-FraserField-1	36079480-40da-11f0-b7bb-43e5970371a5	71.60879	2.9752		6.91511				-0.30754	2.71352	0.90357	15a45e52-862d-4085-a6c4-96174483653f	6/4/2025	24:01.0	2025-06-03T20:24:01.0429952-04:00	2025-06-04T00:24:01.0429952Z	GroundBall	v3				MacDougall, Ryan	1000268563	Right	UPP_VAL	8950fa66-3982-427f-8dd4-f02c3a4e3547	54.59969	-106.74354	10.85387	6.06521	4.28244	-19.27838	-1.52132	2.96841	2.6816	340.296991	-0.30312	105.41072	-11.81516							2.72588	4.57155	-21.37161							0.90176	13.70386	0.46931																													High	High	High	High	High			
265	6/3/2025	25:15.9	2	3	Phillips, Mason	10062877	Right	UPP_VAL	Rickheim, Jack	831897	Right	NSH_N	Undefined	8	Bottom	1	1	1	Slider	Curveball	InPlay	Undefined	GroundBall	Single	0	0		74.22005	1.78442	-1.852824	2129.857314	41.998373	7:30	5.80425	1.84466	5.76873	-63.37877	-11.45323	-11.98827	2.18469	-0.87922	67.35928	-9.817324	-4.001542	0.518635												5.49107	-5.94067	-1.68403	50	5.91363	3.91155	-107.6193	1.37931	6.30147	22.41934	-38.99146	NSH_N	UPP_VAL	FraserField	NECBL	NECL	20250603-FraserField-1	62b51c50-40da-11f0-b7bb-43e5970371a5	72.67622			6.86077							15a45e52-862d-4085-a6c4-96174483653f	6/4/2025	25:15.9	2025-06-03T20:25:15.8969856-04:00	2025-06-04T00:25:15.8969856Z		v3				MacDougall, Ryan	1000268563	Right	UPP_VAL	b6dab13c-9360-469e-b35d-1f1516d69378	54.73131	-108.60046	11.20967	5.81593	3.08573	-19.49573	-1.84917	3.63577	3.15074																																																			High	High	High					
269	6/3/2025	26:58.5	3	4	Phillips, Mason	10062877	Right	UPP_VAL	Parks, Samuel	1000228989	Left	NSH_N	Undefined	8	Bottom	1	2	1	Fastball	Curveball	HitByPitch	Undefined	Undefined	Undefined	0	0		73.22545	-0.517939	-3.529101	2129.940294	35.395761	7:15	5.94409	1.75499	5.99971	-65.29901	-12.05851	-9.95276	0.02167	-2.34855	66.78192	-12.426263	-5.321177	0.525161												4.00138	-5.93244	-1.47119	50	5.8664	6.86125	-106.11171	-2.8234	4.43246	22.96785	-38.74561	NSH_N	UPP_VAL	FraserField	NECBL	NECL	20250603-FraserField-1	9fcc7430-40da-11f0-b7bb-43e5970371a5	71.7731			6.44353							15a45e52-862d-4085-a6c4-96174483653f	6/4/2025	26:58.5	2025-06-03T20:26:58.4620544-04:00	2025-06-04T00:26:58.4620544Z		v3				MacDougall, Ryan	1000268563	Right	UPP_VAL	e74f54b1-b863-45cb-b675-14cb39312254	54.50245	-107.08183	11.48393	5.95109	-1.18685	-19.3728	-1.75704	6.67403	2.21623																																																			High	High	High					
271	6/3/2025	27:50.2	4	2	Phillips, Mason	10062877	Right	UPP_VAL	Wilson, Ethan	1000303711	Right	NSH_N	Undefined	8	Bottom	1	0	1	Slider	Curveball	InPlay	Undefined	Popup	Out	1	0		72.65478	2.575309	-0.768399	1889.299753	39.351417	7:15	5.80844	1.73791	5.94644	-64.8537	-11.42658	-10.8526	2.79442	0.12078	66.25302	-9.338376	-2.720641	0.526081	73.33827	59.785604	14.307374						53.87928			5.31894	-6.1441	-1.67068	50	5.97735	1.78878	-105.45364	2.81011	5.90683	20.24165	-38.99721	NSH_N	UPP_VAL	FraserField	NECBL	NECL	20250603-FraserField-1	bebcd560-40da-11f0-b7bb-43e5970371a5	71.64766	88.67194		6.40177				1.17261	3.00926	-0.15871	15a45e52-862d-4085-a6c4-96174483653f	6/4/2025	27:50.2	2025-06-03T20:27:50.2433792-04:00	2025-06-04T00:27:50.2433792Z		v3				MacDougall, Ryan	1000268563	Right	UPP_VAL	316f57a0-2c66-4a7d-82ee-f13352fc2ae8	54.55449	-106.32427	10.12082	5.82041	4.48745	-19.49861	-1.74215	1.53471	2.95342	191.4755	1.17261	52.45058	-16.01819	5.01458	-1.21791	0.25803	-0.04198	0.00305	0.00013	3.00926	92.95005	-23.42493	1.97078	-0.18153	-0.03298	0.0235	-0.00747	0.00107	-0.15871	13.37668	0.18824	-0.41025	0.1657	-0.04971	0.01273	-0.00243	0.00024																							High	High	High	High	Undefined			
277	6/3/2025	29:57.4	5	6	Phillips, Mason	10062877	Right	UPP_VAL	Gold, Jack	1000108729	Left	NSH_N	Undefined	8	Bottom	2	3	2	Slider	Curveball	StrikeSwinging	Strikeout	Undefined	Undefined	0	0		74.72652	3.278677	-1.092131	2008.70385	35.342423	7:15	5.90163	1.93627	5.87653	-62.42055	-11.72709	-9.53571	3.74882	0.1272	67.9209	-8.185091	-2.803021	0.512445												4.49488	-6.42343	-1.84264	50	6.13142	2.41418	-108.35892	4.2504	5.27536	21.21302	-39.71279	NSH_N	UPP_VAL	FraserField	NECBL	NECL	20250603-FraserField-1	0a64a970-40db-11f0-b7bb-43e5970371a5	73.5541			6.80562							15a45e52-862d-4085-a6c4-96174483653f	6/4/2025	29:57.4	2025-06-03T20:29:57.4067712-04:00	2025-06-04T00:29:57.4067712Z		v3				MacDougall, Ryan	1000268563	Right	UPP_VAL	b00de352-caad-4adf-b6f4-b71ea79a9bf7	54.62351	-109.2603	10.60651	5.91497	5.93786	-19.85639	-1.94046	2.19002	2.63768																																																			High	High	High					
303	6/3/2025	43:42.1	1	6	Phillips, Mason	10062877	Right	UPP_VAL	Jaconski, Jesse	810825	Right	NSH_N	Undefined	9	Bottom	0	3	2	Slider	Curveball	StrikeCalled	Strikeout	Undefined	Undefined	0	0		73.93394	2.947524	-0.274932	1969.06149	26.241279	6:45	5.83354	1.81121	6.11681	-66.11141	-15.00288	-8.22504	3.05179	0.8716	67.54805	-9.216841	-1.759672	0.514539												4.13555	-8.06221	-1.78607	50	6.02594	0.80156	-107.36781	3.53918	4.77598	20.44167	-41.48472	NSH_N	UPP_VAL	FraserField	NECBL	NECL	20250603-FraserField-1	f5fbad60-40dc-11f0-b7bb-43e5970371a5	73.25482			6.38589							15a45e52-862d-4085-a6c4-96174483653f	6/4/2025	43:42.1	2025-06-03T20:43:42.1490000-04:00	2025-06-04T00:43:42.1490000Z		v3				MacDougall, Ryan	1000268563	Right	UPP_VAL	9b41e17a-87d0-4eea-8d9e-592b3462bc8c	54.38513	-108.19947	10.22083	5.84762	5.22697	-20.74236	-1.81473	0.60725	2.38799																													69.27975			0.906909				1.07973	6.22285	6.33464	69.90099	7.2405	54.87647	1.15229	82.38615	-7.22694	6.23257	11.70893	-11.68005	6.36613	56.58966	-3.40529	High	High	High			High	High	High
310	6/3/2025	45:49.7	2	7	Phillips, Mason	10062877	Right	UPP_VAL	Dalton, Brody	823913	Left	NSH_N	Undefined	9	Bottom	1	3	2	Fastball	Four-Seam	BallCalled	Walk	Undefined	Undefined	0	0		88.92604	-3.32321	-3.57025	1951.089577	201.144065	12:45	5.95994	1.66848	6.75764	-12.26398	22.44698	8.20024	1.89336	-0.91329	80.4641	-5.758624	-2.078754	0.424038												-5.46453	13.29115	-1.43743	50	5.73669	7.73154	-128.81314	-7.71839	-9.07173	29.74322	-10.10927	NSH_N	UPP_VAL	FraserField	NECBL	NECL	20250603-FraserField-1	42057790-40dd-11f0-b7bb-43e5970371a5	88.88931			8.46194							15a45e52-862d-4085-a6c4-96174483653f	6/4/2025	45:49.7	2025-06-03T20:45:49.6860672-04:00	2025-06-04T00:45:49.6860672Z		v3				MacDougall, Ryan	1000268563	Right	UPP_VAL	5594557a-9cdf-45d1-be18-e24802a1f1ae	53.73923	-129.67367	14.87161	5.95576	-7.42591	-5.05464	-1.66492	7.994	-4.53586																																																			High	High	High					
314	6/3/2025	47:18.1	3	4	Phillips, Mason	10062877	Right	UPP_VAL	Marot, Alex	823917	Right	NSH_N	Undefined	9	Bottom	2	2	2	Fastball	Four-Seam	StrikeCalled	Strikeout	Undefined	Undefined	0	0		89.03054	-1.869276	-3.637181	2240.197366	211.758145	1:00	5.93964	1.45742	6.7706	-12.24764	22.45143	13.1039	3.20806	-0.77627	80.05487	-4.323506	-1.252724	0.423965												-8.04851	12.80052	-1.22391	50	5.81196	7.69138	-129.02751	-4.42059	-13.34829	30.90448	-10.94463	NSH_N	UPP_VAL	FraserField	NECBL	NECL	20250603-FraserField-1	76b1f6d0-40dd-11f0-b7bb-43e5970371a5	88.90453			8.97567							15a45e52-862d-4085-a6c4-96174483653f	6/4/2025	47:18.1	2025-06-03T20:47:18.1050000-04:00	2025-06-04T00:47:18.1050000Z		v3				MacDougall, Ryan	1000268563	Right	UPP_VAL	8ed68126-989b-4eaa-9f42-97fdf34f9700	53.72404	-129.91642	15.45224	5.93458	-4.10579	-5.47232	-1.45066	8.07532	-6.67414																																																			High	High	High					
5	6/5/2025	37:19.4	1	5	Rabatin, Ben	824525	Right	KEE_SWA	Parks, Samuel	1000228989	Left	NSH_N	Undefined	1	Top	0	3	1	Fastball	Four-Seam	BallCalled	Walk	Undefined	Undefined	0	0		88.87692	-0.340282	-1.263206	2018.857891	208.803867	1:00	5.52891	2.15055	6.53971	-18.04257	16.7778	8.56418	3.71318	1.70544	80.38314	-3.826653	0.292454	0.424706												-4.82359	9.22563	-2.06604	50	5.49721	2.49991	-129.07507	-1.21912	-8.05085	29.53788	-16.77587	KEE_SWA	NSH_N	Keene	NECBL	NECL	20250605-Keene-1	a3f06d80-425d-11f0-9daa-eb69249eb7d2	88.74958			8.49378							82e0a6d3-bf4e-42ff-b062-da2b3a60cc15	6/5/2025	37:19.4	2025-06-05T18:37:19.3959424-04:00	2025-06-05T22:37:19.3959424Z		v3				Thompson, Zack	1000220619	Right	KEE_SWA	772da4ab-85f1-4737-826c-8401dc440622	53.95651	-129.97733	14.76894	5.52662	-0.70669	-8.38793	-2.14615	2.74583	-4.02543																																																			High	High	High					
8	6/5/2025	39:17.3	2	3	Rabatin, Ben	824525	Right	KEE_SWA	Wilson, Ethan	1000303711	Right	NSH_N	Undefined	1	Top	0	0	2	Slider	Slider	InPlay	Undefined	FlyBall	Out	1	0		80.24167	1.434112	-1.809111	2611.658982	93.979414	9:15	5.46121	2.15165	6.26271	-40.74797	2.30272	-13.11729	3.38879	-0.61007	73.21122	-6.151106	-4.176784	0.472238	78.74814	37.525463	20.614038		99.57125	71.1277	46.74929	271.95773	267.4802	31.135828	4.775901	6.28701	1.16362	-2.0113	50	5.54775	4.15217	-116.53832	1.70564	8.57803	23.51095	-30.58641	KEE_SWA	NSH_N	Keene	NECBL	NECL	20250605-Keene-1	ea67d370-425d-11f0-9daa-eb69249eb7d2	79.81654	79.89516		7.03045				0.5447	3.25772	0.64164	82e0a6d3-bf4e-42ff-b062-da2b3a60cc15	6/5/2025	39:17.3	2025-06-05T18:39:17.3408256-04:00	2025-06-05T22:39:17.3408256Z	FlyBall	v3				Thompson, Zack	1000220619	Right	KEE_SWA	51b134b7-6628-4e17-bed1-4cd08d6ddb8b	54.2382	-117.39024	11.75548	5.46587	2.81394	-15.29321	-2.15612	3.84135	4.28902	203.949925	0.54601	85.71098	-17.66061	4.13106	-0.78661	0.13295	-0.02194	0.00283	-0.00017	3.25821	70.33135	-17.84528	0.84499	0.08459	-0.11084	0.03602	-0.00529	0.00029	0.64176	32.24683	-1.03795	0.12954	-0.01059	0.004	-0.00211	0.00042	-3.00E-05																							High	High	High	High	High			
10	6/5/2025	40:18.2	3	2	Rabatin, Ben	824525	Right	KEE_SWA	Gold, Jack	1000108729	Left	NSH_N	Undefined	1	Top	1	1	0	Slider	Slider	InPlay	Undefined	GroundBall	Out	1	0		81.24447	0.855136	-1.37737	2552.622737	92.067296	9:00	5.35505	2.46002	6.27614	-40.13707	1.91717	-14.46741	2.79885	-0.0155	73.99833	-6.618276	-3.991628	0.466741	55.46265	-42.418278	32.318245					3.56402	3.33522	27.818013	0.05384	7.10205	1.13791	-2.35148	50	5.39895	3.36615	-118.01699	0.55077	9.90786	24.73307	-30.58658	KEE_SWA	NSH_N	Keene	NECBL	NECL	20250605-Keene-1	0ea7ea90-425e-11f0-9daa-eb69249eb7d2	80.75662	2.97483		7.24615				0.40072	2.97483	-0.0774	82e0a6d3-bf4e-42ff-b062-da2b3a60cc15	6/5/2025	40:18.2	2025-06-05T18:40:18.2118912-04:00	2025-06-05T22:40:18.2118912Z	GroundBall	v3				Thompson, Zack	1000220619	Right	KEE_SWA	9036d2d5-cbf1-4755-8bbc-ed55798d5b4a	54.22447	-118.89902	12.36654	5.35986	1.64155	-15.29329	-2.46522	3.01281	4.95393		0.39765	51.1042								2.97815	-55.25372								-0.07934	32.32952																														High	High	High	Low	Low			
11	6/5/2025	40:58.8	4	1	Rabatin, Ben	824525	Right	KEE_SWA	Dalton, Brody	823913	Left	NSH_N	Undefined	1	Top	2	0	0	Fastball	Changeup	InPlay	Undefined	LineDrive	Out	1	0		86.04262	-1.470633	-4.011366	1522.752821	224.86191	1:30	5.60839	2.3099	6.51893	-23.91206	13.11851	11.85843	2.26271	-0.3886	78.60869	-5.997782	-1.864133	0.437977	88.04519	25.512121	-15.583816	3141.021735	103.68508	43.53862	-36.73383	315.40375	302.95716	-27.206275	3.96765	-7.3841	7.66115	-2.03505	50	5.49524	8.3148	-124.80281	-3.87223	-11.61935	25.65881	-20.11874	KEE_SWA	NSH_N	Keene	NECBL	NECL	20250605-Keene-1	26df41d0-425e-11f0-9daa-eb69249eb7d2	86.06027	52.01959		7.43393				1.22717	2.2417	0.40125	82e0a6d3-bf4e-42ff-b062-da2b3a60cc15	6/5/2025	40:58.8	2025-06-05T18:40:58.8324352-04:00	2025-06-05T22:40:58.8324352Z	LineDrive	v3				Thompson, Zack	1000220619	Right	KEE_SWA	7fc76fe3-b328-4f47-904e-38bee5842789	53.98173	-125.61876	12.82941	5.60821	-3.23245	-10.05937	-2.30533	8.6843	-5.80968	131.816746	1.22703	112.26655	-19.71834	4.41554	-1.02955	0.26737	-0.07008	0.01204	-0.00085	2.24233	55.59463	-16.68661	0.46915	0.30003	-0.21194	0.0738	-0.01248	0.00081	0.40104	-31.29961	-4.62636	2.07797	-0.60639	0.12733	-0.01945	0.00178	-7.00E-05																							High	High	High	High	High			
32	6/5/2025	56:12.9	1	4	Rabatin, Ben	824525	Right	KEE_SWA	Jaconski, Jesse	810825	Right	NSH_N	Undefined	2	Top	0	1	2	Fastball	Sinker	StrikeSwinging	Strikeout	Undefined	Undefined	0	0		90.35566	-2.410946	-3.998139	2124.797131	228.58651	1:30	5.72523	1.91698	6.45247	-19.00068	14.99387	15.6278	1.92014	-0.45986	81.76874	-6.047618	-1.171194	0.419639												-9.32142	8.92063	-1.63954	50	5.54537	8.50138	-130.84241	-6.04135	-15.98633	30.36293	-16.87503	KEE_SWA	NSH_N	Keene	NECBL	NECL	20250605-Keene-1	478f1b60-4260-11f0-9daa-eb69249eb7d2	89.82104			8.58692							82e0a6d3-bf4e-42ff-b062-da2b3a60cc15	6/5/2025	56:12.9	2025-06-05T18:56:12.8940000-04:00	2025-06-05T22:56:12.8940000Z		v3				Thompson, Zack	1000220619	Right	KEE_SWA	5998fab6-d55b-432b-bdca-c4a3897b1c3e	54.04535	-131.77782	15.18147	5.72348	-5.52147	-8.43752	-1.90903	8.99388	-7.99316																													46.62389	3.503719	1.906893	1.596826	-1.78401	1.57364	0.52049	-2.8227	4.82208	3.67424	74.45131	1.51977	-50.33502	-2.74804	52.5246	-2.63849	4.90836	21.27021	-14.67949	3.62629	-36.52127	1.72236	High	High	High			High	High	
36	6/5/2025	57:28.6	2	4	Rabatin, Ben	824525	Right	KEE_SWA	Perazza, Michael	814111	Left	NSH_N	Undefined	2	Top	1	1	2	Fastball	Changeup	StrikeSwinging	Strikeout	Undefined	Undefined	0	0		86.02285	0.417989	-2.575661	1682.851291	241.888594	2:00	5.55857	2.36481	6.47027	-27.19521	10.00115	16.38213	3.67658	1.36287	78.06742	-4.728146	0.394293	0.438957												-9.26508	5.48796	-2.18947	50	5.57612	4.98052	-124.90162	0.12434	-14.52345	26.96515	-23.57141	KEE_SWA	NSH_N	Keene	NECBL	NECL	20250605-Keene-1	74b70350-4260-11f0-9daa-eb69249eb7d2	85.86824			7.95542							82e0a6d3-bf4e-42ff-b062-da2b3a60cc15	6/5/2025	57:28.6	2025-06-05T18:57:28.6330000-04:00	2025-06-05T22:57:28.6330000Z		v3				Thompson, Zack	1000220619	Right	KEE_SWA	d1e00200-620c-49dc-aea5-e51ad53ccd61	54.02837	-125.7683	13.48258	5.55994	0.88195	-11.78571	-2.35704	5.44731	-7.26173																													47.339	2.654356	1.099571	1.554785	-1.92981	3.38887	-1.39142	-3.32844	4.46744	0.13489	68.85593	6.411	-55.94523	-3.25124	49.69579	-2.13166	4.59044	24.05468	-14.71062	0.0282	-39.96752	2.54768	High	High	High			High	High	
39	6/5/2025	58:37.3	3	3	Rabatin, Ben	824525	Right	KEE_SWA	Sengenberger, Aidan	10034113	Right	NSH_N	Undefined	2	Top	2	1	1	Fastball	Slider	InPlay	Undefined	Popup	Out	1	0		85.08784	-1.057628	-2.585773	2285.10872	168.17424	11:30	5.53451	2.39872	6.20795	-23.93454	14.89969	-2.82028	2.56268	-0.22456	76.63311	-5.605572	-3.094092	0.448517	77.65479	64.093907	12.091151		102.24403	121.3438	40.57245	153.8523	152.57617	22.457398	5.899213	0.59831	8.48134	-2.20317	50	5.44316	5.68003	-123.31989	-2.95286	0.90417	28.78909	-19.35665	KEE_SWA	NSH_N	Keene	NECBL	NECL	20250605-Keene-1	9dbda330-4260-11f0-9daa-eb69249eb7d2	84.03796	136.90787		8.45473				0.70205	2.51343	0.24011	82e0a6d3-bf4e-42ff-b062-da2b3a60cc15	6/5/2025	58:37.3	2025-06-05T18:58:37.3041664-04:00	2025-06-05T22:58:37.3041664Z	Popup	v3				Thompson, Zack	1000220619	Right	KEE_SWA	908e0e60-9ab9-459b-9d64-1867a8ca124e	54.28892	-124.3171	14.39455	5.53384	-2.28238	-9.67832	-2.39938	5.64871	0.45209	189.686425	0.68323	48.95451	-16.0431	6.05762	-1.88852	0.44822	-0.06718	0.00536	-0.00017	2.48982	102.89927	-25.45588	4.82493	-2.28958	0.82814	-0.17528	0.01904	-0.00082	0.2442	10.34487	1.19304	-1.05981	0.53826	-0.18031	0.03572	-0.00372	0.00016																							High	High	High	High	High			
59	6/5/2025	09:47.8	1	6	Rabatin, Ben	824525	Right	KEE_SWA	Whitehill, Simmi	1000092129	Left	NSH_N	Undefined	3	Top	0	1	2	Fastball	Four-Seam	StrikeCalled	Strikeout	Undefined	Undefined	0	0		92.15635	-3.0689	-3.243428	2195.877889	217.762823	1:15	5.65266	2.19045	6.56471	-16.14521	16.50816	11.85839	1.48656	0.20201	83.12111	-6.19194	-1.091667	0.411278												-7.26063	10.00256	-1.97148	50	5.43385	7.08376	-133.47355	-7.57839	-12.89348	32.91364	-14.41147	KEE_SWA	NSH_N	Keene	NECBL	NECL	20250605-Keene-1	2d570030-4262-11f0-9daa-eb69249eb7d2	91.6471			9.03524							82e0a6d3-bf4e-42ff-b062-da2b3a60cc15	6/5/2025	09:47.8	2025-06-05T19:09:47.7570000-04:00	2025-06-05T23:09:47.7570000Z		v3				Thompson, Zack	1000220619	Right	KEE_SWA	aaacf644-0d0c-4003-aa3a-29c36c0d603c	53.93358	-134.44004	16.45682	5.65017	-7.1552	-7.20574	-2.18505	7.46237	-6.44674																													61.0462			1.134326				-0.31398	5.59915	-0.57242	69.34607	11.76057	-55.46857	-0.20793	66.94437	-4.9291	5.66532	21.11253	-13.85269	-0.66518	-53.11689	4.20699	High	High	High			High	High	
65	6/5/2025	11:52.9	2	6	Rabatin, Ben	824525	Right	KEE_SWA	Rickheim, Jack	831897	Right	NSH_N	Undefined	3	Top	1	3	2	Fastball	Four-Seam	StrikeSwinging	Strikeout	Undefined	Undefined	0	0		91.92916	-2.330503	-2.77732	2252.910576	196.662801	12:30	5.46993	2.02847	6.57806	-13.29426	19.47418	5.46859	2.22241	-0.06331	82.77422	-4.945945	-1.784846	0.412002												-3.75008	11.29721	-1.83976	50	5.30369	6.2384	-133.23742	-5.7137	-6.63251	32.93117	-12.19353	KEE_SWA	NSH_N	Keene	NECBL	NECL	20250605-Keene-1	77ea7e10-4262-11f0-9daa-eb69249eb7d2	91.4861			9.15494							82e0a6d3-bf4e-42ff-b062-da2b3a60cc15	6/5/2025	11:52.9	2025-06-05T19:11:52.8580000-04:00	2025-06-05T23:11:52.8580000Z		v3				Thompson, Zack	1000220619	Right	KEE_SWA	214ffcd9-2180-4363-a6b4-bbc7d34d554f	53.91841	-134.20241	16.46559	5.46589	-5.35639	-6.09677	-2.02541	6.43276	-3.31625																													61.72051	3.138566	1.994547	1.144019	-1.18906	1.99309	0.14339	-0.36466	5.47454	2.99951	71.68412	11.77369	-53.13092	-0.26763	68.12978	-4.54677	5.53822	21.35961	-13.88376	2.91559	-53.42092	3.8464	High	High	High			High	High	
72	6/5/2025	14:32.2	3	7	Rabatin, Ben	824525	Right	KEE_SWA	Parks, Samuel	1000228989	Left	NSH_N	Undefined	3	Top	2	3	2	Fastball	Four-Seam	BallCalled	Walk	Undefined	Undefined	0	0		94.51296	-5.406097	-4.609399	2368.724622	214.877218	1:15	5.62357	2.09637	6.49867	-12.27343	19.16206	12.5215	-0.39248	-1.10036	85.14223	-7.810822	-2.346798	0.403535												-8.14993	12.21131	-1.77858	50	5.23754	10.48312	-136.27081	-13.22554	-15.05944	34.78465	-9.60997	KEE_SWA	NSH_N	Keene	NECBL	NECL	20250605-Keene-1	d6db9b70-4262-11f0-9daa-eb69249eb7d2	93.40556			9.37073							82e0a6d3-bf4e-42ff-b062-da2b3a60cc15	6/5/2025	14:32.2	2025-06-05T19:14:32.1854464-04:00	2025-06-05T23:14:32.1854464Z		v3				Thompson, Zack	1000220619	Right	KEE_SWA	41c81551-0931-4b62-98dc-9452948e091d	54.00188	-137.28853	17.39232	5.62037	-12.94437	-4.80498	-2.09174	10.92373	-7.52972																																																			High	High	High					
75	6/5/2025	15:54.3	4	3	Rabatin, Ben	824525	Right	KEE_SWA	Wilson, Ethan	1000303711	Right	NSH_N	Undefined	3	Top	2	0	2	Slider	Slider	StrikeSwinging	Strikeout	Undefined	Undefined	0	0		83.98778	-0.799502	-2.611114	2524.168642	111.708949	9:45	5.43315	2.31475	6.28036	-35.00474	4.61044	-8.08556	1.77836	-0.76744	76.18976	-7.326057	-4.071196	0.453004												3.33477	3.09106	-2.11834	50	5.35756	5.8668	-121.80725	-2.78094	4.93215	27.4024	-27.60236	KEE_SWA	NSH_N	Keene	NECBL	NECL	20250605-Keene-1	07ddfe70-4263-11f0-9daa-eb69249eb7d2	83.2055			7.79802							82e0a6d3-bf4e-42ff-b062-da2b3a60cc15	6/5/2025	15:54.3	2025-06-05T19:15:54.3200000-04:00	2025-06-05T23:15:54.3200000Z		v3				Thompson, Zack	1000220619	Right	KEE_SWA	9b21836f-298e-4fae-b21c-b758fd97d116	54.21746	-122.75237	13.7012	5.43706	-1.82892	-13.80118	-2.31776	5.69669	2.46607																													45.20176							-1.23925	5.80344	1.54869				-1.19222	53.82383	-2.73911	5.86333	18.15124	-14.74396	1.51266	-32.73319	2.00049	High	High	High			High	High	
104	6/5/2025	35:21.4	1	7	Rabatin, Ben	824525	Right	KEE_SWA	Gold, Jack	1000108729	Left	NSH_N	Undefined	4	Top	0	3	2	Slider	Slider	BallCalled	Walk	Undefined	Undefined	0	0		81.5819	0.020158	-0.728503	2422.986155	110.599049	9:45	5.45294	2.63172	5.90015	-38.21459	4.25425	-7.35402	2.28711	1.34253	73.96468	-7.068693	-2.0498	0.469037												3.50335	2.65315	-2.56907	50	5.43312	1.79765	-118.36714	-1.18952	4.90198	25.49202	-28.46168	KEE_SWA	NSH_N	Keene	NECBL	NECL	20250605-Keene-1	bf643170-4265-11f0-9daa-eb69249eb7d2	80.36141			7.61722							82e0a6d3-bf4e-42ff-b062-da2b3a60cc15	6/5/2025	35:21.4	2025-06-05T19:35:21.4100480-04:00	2025-06-05T23:35:21.4100480Z		v3				Thompson, Zack	1000220619	Right	KEE_SWA	f73d1736-dfce-431b-ab2f-83ed69647153	54.59707	-119.35308	12.74601	5.45784	-0.08873	-14.23084	-2.63493	1.60806	2.45099																																																			High	High	High					
107	6/5/2025	36:34.2	2	3	Rabatin, Ben	824525	Right	KEE_SWA	Dalton, Brody	823913	Left	NSH_N	Undefined	4	Top	0	1	1	ChangeUp	Changeup	InPlay	Undefined	GroundBall	Out	2	0		85.23313	-1.329696	-2.930456	1729.643653	230.663393	1:45	5.47124	2.33336	6.32994	-28.05879	10.5217	11.07292	1.90672	0.5552	76.70391	-6.632126	-0.928269	0.447049	74.57216	-35.771811	51.960681					3.9248	3.9248	23.796974	0.030642	-6.76595	6.33465	-2.12455	50	5.36098	5.89922	-123.53207	-3.68949	-10.24271	29.26996	-22.58428	KEE_SWA	NSH_N	Keene	NECBL	NECL	20250605-Keene-1	eadd7f00-4265-11f0-9daa-eb69249eb7d2	84.31384	1.964		8.52922				1.91136	1.964	-0.5633	82e0a6d3-bf4e-42ff-b062-da2b3a60cc15	6/5/2025	36:34.2	2025-06-05T19:36:34.2087168-04:00	2025-06-05T23:36:34.2087168Z	GroundBall	v3				Thompson, Zack	1000220619	Right	KEE_SWA	acef24dd-b501-4304-ade7-0018a67e140b	54.16841	-124.51583	14.63498	5.47223	-2.93043	-11.29214	-2.32861	6.24347	-5.12136		1.91068	54.81941								1.96479	-64.09589								-0.56417	70.06649																														High	High	High	Estimated	Estimated			
112	6/5/2025	38:25.2	3	5	Rabatin, Ben	824525	Right	KEE_SWA	Jaconski, Jesse	810825	Right	NSH_N	Undefined	4	Top	2	2	2	Fastball	Four-Seam	StrikeSwinging	Strikeout	Undefined	Undefined	0	0		92.63305	-2.284805	-3.309647	2260.72662	209.090435	1:00	5.82324	1.78686	6.50178	-13.20477	19.01686	9.94831	2.62109	-0.4253	83.78216	-4.869769	-1.507804	0.40855												-6.18729	10.96292	-1.55894	50	5.65688	7.34904	-134.25825	-5.6645	-11.17524	31.90389	-12.37321	KEE_SWA	NSH_N	Keene	NECBL	NECL	20250605-Keene-1	2d147c20-4266-11f0-9daa-eb69249eb7d2	92.25906			8.85089							82e0a6d3-bf4e-42ff-b062-da2b3a60cc15	6/5/2025	38:25.2	2025-06-05T19:38:25.2480000-04:00	2025-06-05T23:38:25.2480000Z		v3				Thompson, Zack	1000220619	Right	KEE_SWA	a1a3ba0b-0a06-4a0e-b3c8-a4e081968b1b	53.9958	-135.20444	15.95194	5.81943	-5.29754	-6.1866	-1.78181	7.68047	-5.58762																													52.21336			1.351221				-1.00329	5.9028	3.15052	75.71029	0.65989	-49.07437	-0.94487	61.24534	-3.37673	5.9416	14.05147	-13.32027	3.1031	-42.28065	2.74134	High	High	High			High	High	
130	6/5/2025	49:58.6	1	4	Mastroianni, Marcello	811689	Right	KEE_SWA	Perazza, Michael	814111	Left	NSH_N	Undefined	5	Top	0	2	1	Fastball	Sinker	InPlay	Undefined	GroundBall	Out	1	0		86.80793	-1.05408	4.596713	2010.84415	136.918237	10:30	5.49256	-3.56614	6.34311	-22.83828	14.05816	-11.95816	2.61571	-0.32168	78.72618	-5.389243	2.442087	0.437183	73.01211	-29.25676	29.938994					5.46461	5.46461	30.838413	0.048382	7.61142	8.0104	3.23663	50	5.40488	-9.64174	-125.7145	-2.96524	12.0799	27.45717	-19.46098	KEE_SWA	NSH_N	Keene	NECBL	NECL	20250605-Keene-1	ca4d8cb0-4267-11f0-9daa-eb69249eb7d2	86.21656	2.54061		8.08175				0.76188	2.54061	0.53778	82e0a6d3-bf4e-42ff-b062-da2b3a60cc15	6/5/2025	49:58.5	2025-06-05T19:49:58.5570000-04:00	2025-06-05T23:49:58.5570000Z	GroundBall	v3				Thompson, Zack	1000220619	Right	KEE_SWA	53cae7c3-e902-42eb-8305-74963276e2ba	54.15604	-126.61896	13.72859	5.49199	-2.32418	-9.73049	3.56079	-10.03966	6.03995	180	0.75976	81.23101								2.54198	-52.51141								0.53656	46.7835																														High	High	High	Low	High			
133	6/5/2025	51:19.3	2	3	Mastroianni, Marcello	811689	Right	KEE_SWA	Sengenberger, Aidan	10034113	Right	NSH_N	Undefined	5	Top	1	1	1	Fastball	Sinker	InPlay	Undefined	FlyBall	HomeRun	0	1		87.80269	-2.036951	5.561631	2051.10187	130.275887	10:15	5.58358	-3.33364	6.32855	-21.44552	14.86639	-16.00623	1.91099	0.47028	79.39268	-6.118081	2.683968	0.433707	96.09417	27.418583	-5.731188	1865.438324	109.59446	52.18336	-9.43256	358.14338	329.14023	-4.087123	4.661453	10.03497	8.74107	2.93384	50	5.42402	-11.71956	-126.88339	-5.13506	16.18146	28.59652	-18.07901	KEE_SWA	NSH_N	Keene	NECBL	NECL	20250605-Keene-1	fa6ae6e0-4267-11f0-9daa-eb69249eb7d2	86.9077	71.45609		8.41				0.74104	1.87286	-0.50169	82e0a6d3-bf4e-42ff-b062-da2b3a60cc15	6/5/2025	51:19.3	2025-06-05T19:51:19.3210000-04:00	2025-06-05T23:51:19.3210000Z	FlyBall	v3				Thompson, Zack	1000220619	Right	KEE_SWA	163195ed-e28b-47d7-b87e-46c91a4cea20	54.17059	-127.81989	14.29826	5.58249	-4.543	-9.03951	3.32632	-12.24948	8.09073	193.844733	0.74238	124.44832	-22.87735	5.25284	-0.93744	0.13218	-0.01881	0.00264	-0.00018	1.87357	64.885	-15.95225	0.14867	0.3016	-0.17123	0.05224	-0.00782	0.00045	-0.50227	-12.47509	5.18629	-1.77331	0.36223	-0.03997	0.00127	0.0001	0																							High	High	High	High	High			
134	6/5/2025	52:09.4	3	1	Mastroianni, Marcello	811689	Right	KEE_SWA	Whitehill, Simmi	1000092129	Left	NSH_N	Undefined	5	Top	1	0	0	Fastball	Sinker	InPlay	Undefined	Bunt	Single	0	0		88.64846	0.274344	3.914472	2022.341039	126.807842	10:15	5.61206	-3.43799	6.40597	-25.21982	9.87083	-11.65316	3.76326	-0.80398	80.62626	-4.486235	1.809568	0.426351	23.74521	7.122174	-32.8807	1455.200714				24.05861	23.77628	-28.451164	0.655381	7.26981	5.40559	3.16255	50	5.62014	-8.35132	-128.59873	-0.13742	12.11285	27.92109	-23.16734	KEE_SWA	NSH_N	Keene	NECBL	NECL	20250605-Keene-1	1847b530-4268-11f0-9daa-eb69249eb7d2	88.40709	4.12996		8.0222				2.6628	3.83876	0.85729	82e0a6d3-bf4e-42ff-b062-da2b3a60cc15	6/5/2025	52:09.4	2025-06-05T19:52:09.4250000-04:00	2025-06-05T23:52:09.4250000Z	GroundBall	v3				Thompson, Zack	1000220619	Right	KEE_SWA	e941c791-5243-487c-b31b-89b172bc9dbb	54.09502	-129.48478	13.96055	5.61284	0.59777	-11.58367	3.43367	-8.73571	6.05642	99.590288	2.6628	29.02183	-1.58764	0.73364	-0.95501	1.19715	0.45273	-1.68561	0.84808	3.83876	4.31791	-16.13076	0.92857	-0.21786	1.54107	-3.2588	2.6953	-0.87394	0.85729	-18.76094	-0.12064	0.00612	-0.00459	0.54999	-0.49191	-0.13385	0.20311																							High	High	High	High	High			
139	6/5/2025	54:56.9	4	5	Mastroianni, Marcello	811689	Right	KEE_SWA	Rickheim, Jack	831897	Right	NSH_N	Undefined	5	Top	2	2	2	Slider	Slider	InPlay	Undefined	GroundBall	Single	0	0		76.40057	0.559148	3.784089	2331.844566	262.017526	2:45	5.32574	-3.37242	6.20364	-45.20766	2.25421	5.67111	2.07572	0.59822	70.31428	-7.794748	4.804325	0.495843	41.60099	10.9884	-2.228725	884.34048				51.0122	49.4403	-2.232402	0.894461	-1.88138	1.43055	3.08491	50	5.34514	-7.52445	-110.84492	-0.21219	-2.33694	20.11111	-30.3971	KEE_SWA	NSH_N	Keene	NECBL	NECL	20250605-Keene-1	7c277cc0-4268-11f0-9daa-eb69249eb7d2	76.01696	4.12941		6.08629				0.81591	1.98943	-0.64436	82e0a6d3-bf4e-42ff-b062-da2b3a60cc15	6/5/2025	54:56.9	2025-06-05T19:54:56.8790000-04:00	2025-06-05T23:54:56.8790000Z	GroundBall	v3				Thompson, Zack	1000220619	Right	KEE_SWA	0b8df92f-23ec-4492-baf9-7147ec8fd92c	54.29763	-111.62193	10.05555	5.33065	0.96223	-15.19855	3.37388	-7.43415	-1.16847	223.197157	0.81592	59.85067	-4.74396	0.71798	-0.10915	-0.16886	0.27178	-0.20198	0.06112	1.98943	11.63004	-16.03269	0.65323	-0.10042	0.11218	-0.12205	0.0905	-0.02757	-0.64436	-2.3293	1.10446	-0.28396	0.09589	0.01898	-0.04638	0.03537	-0.01061																							High	High	High	High	High			
143	6/5/2025	56:50.3	5	4	Mastroianni, Marcello	811689	Right	KEE_SWA	Parks, Samuel	1000228989	Left	NSH_N	Undefined	5	Top	2	1	2	Fastball	Sinker	StrikeCalled	Strikeout	Undefined	Undefined	0	0		90.11031	-1.626296	5.780517	2052.123576	137.230236	10:30	5.54887	-3.34825	6.14863	-18.94745	15.71761	-13.41158	2.45909	0.89365	81.53523	-5.235024	3.380602	0.423757												8.62008	8.95103	2.9134	50	5.41463	-12.60673	-130.15658	-4.25932	14.66576	29.41199	-16.94524	KEE_SWA	NSH_N	Keene	NECBL	NECL	20250605-Keene-1	bfa37d00-4268-11f0-9daa-eb69249eb7d2	88.94818			8.57507							82e0a6d3-bf4e-42ff-b062-da2b3a60cc15	6/5/2025	56:50.3	2025-06-05T19:56:50.3450000-04:00	2025-06-05T23:56:50.3450000Z		v3				Thompson, Zack	1000220619	Right	KEE_SWA	9366c53b-4396-4d7a-8dbf-17ee81e75663	54.34929	-131.13573	14.706	5.54704	-3.6952	-8.47262	3.34121	-13.09496	7.33288																													43.98985			1.667627				-2.81738	5.97947	0.2829	75.96282	-1.39717	-48.81607	-2.76015	51.06034	-2.3599	6.04473	19.64648	-14.53275	0.23459	-32.56337	1.93018	High	High	High			High	High	
155	6/5/2025	06:45.1	1	3	Mastroianni, Marcello	811689	Right	KEE_SWA	Wilson, Ethan	1000303711	Right	NSH_N	Undefined	6	Top	0	0	2	Fastball	Changeup	InPlay	Undefined	FlyBall	Out	1	0		81.12	-0.697649	5.642377	1459.641125	111.813664	9:45	5.22322	-3.59313	6.56803	-34.63998	7.25788	-14.60426	1.69387	0.37903	73.93657	-7.192087	3.004247	0.465873	68.30391	57.597476	13.614091		100.57331	92.16315	44.55344	160.03637	155.18313	26.048411	5.090352	9.34603	4.43437	3.20957	50	5.1605	-11.08821	-117.39349	-2.39415	12.96427	23.46519	-26.02296	KEE_SWA	NSH_N	Keene	NECBL	NECL	20250605-Keene-1	2236f900-426a-11f0-9daa-eb69249eb7d2	80.90715	99.57366		7.18343				1.04516	1.81934	-0.37551	82e0a6d3-bf4e-42ff-b062-da2b3a60cc15	6/6/2025	06:45.1	2025-06-05T20:06:45.0610000-04:00	2025-06-06T00:06:45.0610000Z	Popup	v3				Thompson, Zack	1000220619	Right	KEE_SWA	ecfb78db-1e3a-4673-af25-576c632fe330	53.93253	-118.17693	11.73259	5.22593	-1.52531	-13.01148	3.587	-11.52106	6.48214	196.321444	1.04698	52.12603	-13.04723	3.06505	-0.21779	-0.11466	0.03993	-0.0051	0.00024	1.81854	84.59262	-21.16354	1.70029	-0.20989	-0.04075	0.02801	-0.00529	0.00034	-0.3755	12.63938	1.57778	-0.56657	0.04585	0.03478	-0.01422	0.00218	-0.00012																							High	High	High	Medium	Medium			
160	6/5/2025	08:48.2	2	5	Mastroianni, Marcello	811689	Right	KEE_SWA	Gold, Jack	1000108729	Left	NSH_N	Undefined	6	Top	1	3	1	Fastball	Four-Seam	InPlay	Undefined	GroundBall	Error	0	0		88.14546	-0.88674	4.892908	2058.899424	140.227313	10:45	5.34667	-3.62188	6.2764	-20.2819	15.84686	-12.09453	2.83606	-0.1085	79.36122	-4.768108	2.718449	0.432611	71.8871	5.400291	-5.119537	1859.877336				90.52223	89.8933	-7.690795	0.950488	7.82965	8.88292	3.26519	50	5.27105	-10.42563	-127.50289	-2.54086	12.70105	29.78437	-17.76444	KEE_SWA	NSH_N	Keene	NECBL	NECL	20250605-Keene-1	6b9c5720-426a-11f0-9daa-eb69249eb7d2	87.12773	4.50418		8.78424				0.38497	2.71685	0.07255	82e0a6d3-bf4e-42ff-b062-da2b3a60cc15	6/6/2025	08:48.2	2025-06-05T20:08:48.1960000-04:00	2025-06-06T00:08:48.1960000Z	GroundBall	v3				Thompson, Zack	1000220619	Right	KEE_SWA	83bab85d-d643-4b89-84ca-8e9e0496b874	54.22148	-128.48523	14.89219	5.34519	-1.95495	-8.88222	3.61595	-10.84454	6.35053	120.021465	0.4473	103.65197	-10.31173							2.73758	9.6323	-13.18654							0.1047	-9.83214	-3.21262																													High	High	High	High	High			
162	6/5/2025	10:02.6	3	2	Mastroianni, Marcello	811689	Right	KEE_SWA	Dalton, Brody	823913	Left	NSH_N	Undefined	6	Top	1	1	0	Fastball	Sinker	InPlay	Undefined	LineDrive	HomeRun	0	2		87.11143	-1.535044	4.50026	2069.019017	138.703786	10:30	5.39128	-3.48421	6.36699	-23.42671	13.34938	-10.56839	2.02178	-0.21517	78.73981	-5.981309	2.594536	0.43647	99.97251	19.543556	8.299423	1358.240029	108.83777	35.56227	15.94723	343.31595	311.7472	9.08264	3.752007	6.93221	7.82528	3.16296	50	5.26907	-9.51246	-126.09702	-4.05483	11.015	28.78134	-19.74005	KEE_SWA	NSH_N	Keene	NECBL	NECL	20250605-Keene-1	97f619a0-426a-11f0-9daa-eb69249eb7d2	86.35749	46.5697		8.37162				1.42242	2.05372	0.22123	82e0a6d3-bf4e-42ff-b062-da2b3a60cc15	6/6/2025	10:02.6	2025-06-05T20:10:02.6260000-04:00	2025-06-06T00:10:02.6260000Z	LineDrive	v3				Thompson, Zack	1000220619	Right	KEE_SWA	a3c096f1-6cc8-4e46-b45a-e436e64dc5c8	54.13165	-127.03656	14.39067	5.39092	-3.41044	-9.87002	3.47935	-9.87203	5.5075	179.007063	1.42213	136.73938	-25.2997	6.22398	-1.23538	0.19056	-0.01957	0.00077	4.00E-05	2.05413	49.03811	-13.03121	-0.64011	0.24683	0.00189	-0.02131	0.00573	-0.0005	0.22109	19.94988	-3.9144	1.33729	-0.32712	0.05798	-0.00687	0.00048	-1.00E-05																							High	High	High	High	Medium			
166	6/5/2025	11:53.5	4	4	Mastroianni, Marcello	811689	Right	KEE_SWA	Jaconski, Jesse	810825	Right	NSH_N	Undefined	6	Top	1	2	1	Fastball	Changeup	InPlay	Undefined	FlyBall	Out	1	0		85.5802	-1.30281	4.907292	1953.537794	137.374436	10:30	5.33487	-3.52714	6.28672	-25.40466	12.68158	-10.46367	2.0125	0.13462	77.70507	-6.09409	3.025256	0.444176	81.49942	36.961839	27.770071	4255.579701	89.85851	66.20636	63.44608	284.31137	206.91753	44.902829	4.606477	6.90343	7.36922	3.16949	50	5.22625	-10.22708	-123.85065	-3.56208	10.63672	26.58578	-20.81968	KEE_SWA	NSH_N	Keene	NECBL	NECL	20250605-Keene-1	da01e810-426a-11f0-9daa-eb69249eb7d2	84.85917	74.38546		7.87513				0.15977	1.95481	-0.04889	82e0a6d3-bf4e-42ff-b062-da2b3a60cc15	6/6/2025	11:53.5	2025-06-05T20:11:53.4500000-04:00	2025-06-06T00:11:53.4500000Z	FlyBall	v3				Thompson, Zack	1000220619	Right	KEE_SWA	dd6c1cd0-f168-486b-b968-b747b63d2a9f	54.21199	-124.75152	13.29289	5.335	-2.85659	-10.40984	3.52215	-10.58751	5.31836		0.16331	84.43439	-19.4482	4.4761	-0.72913	0.0749	-0.01673	0.00472	-0.00043	1.95591	71.84216	-20.04123	0.99647	0.29693	-0.24396	0.07879	-0.01183	0.00067	-0.04649	44.44391	2.55208	-2.25761	1.08459	-0.39222	0.09391	-0.01234	0.00066																							High	High	High	High	Medium			
173	6/5/2025	14:57.0	5	7	Mastroianni, Marcello	811689	Right	KEE_SWA	Perazza, Michael	814111	Left	NSH_N	Undefined	6	Top	2	3	2	Fastball	Sinker	BallCalled	Walk	Undefined	Undefined	0	0		86.86782	-2.73442	5.976867	2064.092059	125.486057	10:15	5.28169	-3.58161	6.44554	-24.47407	12.35993	-15.55855	0.71403	0.63365	79.08197	-7.348772	3.17555	0.436813												9.91028	7.64583	3.1629	50	5.07556	-12.54569	-125.47342	-6.72226	15.70669	26.7727	-20.05625	KEE_SWA	NSH_N	Keene	NECBL	NECL	20250605-Keene-1	4773ca30-426b-11f0-9daa-eb69249eb7d2	86.28958			7.78585							82e0a6d3-bf4e-42ff-b062-da2b3a60cc15	6/6/2025	14:57.0	2025-06-05T20:14:57.0280000-04:00	2025-06-06T00:14:57.0280000Z		v3				Thompson, Zack	1000220619	Right	KEE_SWA	ecc1edae-151f-4cfc-9fbf-6f5cc805357e	54.05483	-126.33565	13.38635	5.28165	-6.07634	-10.02812	3.57509	-13.05154	7.85335																																																			High	High	High					
175	6/5/2025	18:56.0	6	2	Lordi, James		Left	KEE_SWA	Sengenberger, Aidan	10034113	Right	NSH_N	Undefined	6	Top	2	1	0	ChangeUp	Slider	HitByPitch	Undefined	Undefined	Undefined	0	0		85.40912	-1.130602	4.064052	2418.773544	188.840051	12:15	5.50085	-2.05035	5.87058	-31.90994	6.41052	0.81882	1.78872	1.79924	78.73897	-7.005155	4.210405	0.44554												0.66874	3.86689	1.72034	50	5.3902	-8.83207	-123.87056	-3.49599	1.04209	24.06646	-26.14839	KEE_SWA	NSH_N	Keene	NECBL	NECL	20250605-Keene-1	d5c9a020-426b-11f0-9daa-eb69249eb7d2	84.59943			6.67015							82e0a6d3-bf4e-42ff-b062-da2b3a60cc15	6/6/2025	18:56.0	2025-06-05T20:18:56.0403968-04:00	2025-06-06T00:18:56.0403968Z		v3				Thompson, Zack	1000220619	Right	KEE_SWA	d856364a-50da-4461-a727-0dddfe40f7eb	54.63277	-124.7674	12.03323	5.50233	-2.52157	-13.07419	2.0502	-8.8709	0.52105																																																			High	High	High					
180	6/5/2025	22:12.3	7	5	Lordi, James		Left	KEE_SWA	Marot, Alex	823917	Right	NSH_N	Undefined	6	Top	2	3	1	Fastball	Four-Seam	BallCalled	Walk	Undefined	Undefined	0	0		88.52285	-0.459369	3.209903	2079.190355	148.691021	11:00	5.69801	-1.96477	6.20932	-17.91446	17.66241	-9.99894	3.78049	0.16772	80.11946	-3.901349	1.408736	0.429294												6.10303	9.61863	1.72827	50	5.65433	-6.78266	-128.35357	-1.50941	10.09424	28.68646	-16.2651	KEE_SWA	NSH_N	Keene	NECBL	NECL	20250605-Keene-1	4ac15210-426c-11f0-9daa-eb69249eb7d2	87.8009			8.40339							82e0a6d3-bf4e-42ff-b062-da2b3a60cc15	6/6/2025	22:12.3	2025-06-05T20:22:12.2766848-04:00	2025-06-06T00:22:12.2766848Z		v3				Thompson, Zack	1000220619	Right	KEE_SWA	ad5f3974-4bf9-4cf8-ba7f-6ade5356d09f	54.28782	-129.30833	14.34323	5.69555	-0.96807	-8.13255	1.95961	-7.11863	5.04712																																																			High	High	High					
183	6/5/2025	23:36.5	8	3	Lordi, James		Left	KEE_SWA	Rickheim, Jack	831897	Right	NSH_N	Undefined	6	Top	2	1	1	Fastball	Four-Seam	InPlay	Undefined	FlyBall	Out	1	0		88.42316	-2.042841	2.860739	2086.699589	146.586308	11:00	5.63836	-2.16118	6.14254	-17.50107	18.29115	-11.23949	2.28893	-0.45191	80.10153	-5.399777	0.836847	0.430592	67.01745	43.689764	16.141306		103.55439	73.10606	37.10009	210.3979	206.88458	22.053424	4.528534	6.68004	10.44256	1.94869	50	5.47339	-5.94577	-128.17798	-5.0517	11.00381	28.93251	-14.97235	KEE_SWA	NSH_N	Keene	NECBL	NECL	20250605-Keene-1	7d0eaba0-426c-11f0-9daa-eb69249eb7d2	87.53637	73.50159		8.32164				0.41224	2.25514	0.44166	82e0a6d3-bf4e-42ff-b062-da2b3a60cc15	6/6/2025	23:36.5	2025-06-05T20:23:36.5081600-04:00	2025-06-06T00:23:36.5081600Z	FlyBall	v3				Thompson, Zack	1000220619	Right	KEE_SWA	1937d82e-92c6-40b9-a27f-d10210e7b0be	54.35615	-129.15751	14.46625	5.63584	-4.5448	-7.48618	2.1563	-6.31831	5.50191	193.138218	0.41457	68.21521	-12.82106	2.69205	-0.15206	-0.10733	0.03472	-0.00424	0.00019	2.25391	67.92047	-17.92253	1.17367	-0.19586	-0.01409	0.02039	-0.00437	0.0003	0.44189	19.75362	-1.12954	0.21001	-0.00302	-0.01217	0.00344	-0.00039	2.00E-05																							High	High	High	High	High			
208	6/5/2025	38:06.6	1	5	Lordi, James		Left	KEE_SWA	Parks, Samuel	1000228989	Left	NSH_N	Undefined	7	Top	0	2	2	Fastball	Four-Seam	StrikeCalled	Strikeout	Undefined	Undefined	0	0		88.65146	-1.468188	4.132495	2174.363875	150.012032	11:00	5.59607	-1.76157	6.28738	-17.17351	18.29151	-9.84264	2.80803	1.23335	80.2617	-4.775005	2.359792	0.428619												6.32666	10.28398	1.46095	50	5.47906	-8.87226	-128.38837	-3.7421	10.46676	28.77343	-15.16035	KEE_SWA	NSH_N	Keene	NECBL	NECL	20250605-Keene-1	8389b040-426e-11f0-9daa-eb69249eb7d2	87.93926			8.38976							82e0a6d3-bf4e-42ff-b062-da2b3a60cc15	6/6/2025	38:06.5	2025-06-05T20:38:06.5560000-04:00	2025-06-06T00:38:06.5560000Z		v3				Thompson, Zack	1000220619	Right	KEE_SWA	af9a6798-b86d-4f51-9c4e-750bbf7b58ea	54.21	-129.32844	14.38671	5.59323	-3.24678	-7.58018	1.7564	-9.21423	5.23338																													53.16662	3.336804	1.958093	1.378711	-1.62634	2.54751	-1.35604	-4.09232	4.48761	1.264	71.29765	8.38406	-53.51149	-4.00433	59.30647	-3.40685	4.55419	22.18402	-14.07962	1.19198	-43.44951	2.74098	High	High	High			High	High	
212	6/5/2025	42:10.6	2	4	Lepine, Andrew 	1000361569	Right	KEE_SWA	Wilson, Ethan	1000303711	Right	NSH_N	Undefined	7	Top	1	1	2	Slider	Curveball	StrikeCalled	Strikeout	Undefined	Undefined	0	0		71.48649	3.431276	1.669686	2688.596332	106.686155	9:30	3.02752	0.96965	5.3557	-49.40412	7.76122	-18.68347	2.13381	0.97907	63.9554	-5.710172	-1.645346	0.544174												9.86776	3.34988	-1.1061	50	3.30205	-2.31277	-103.31766	4.71188	10.4353	20.6868	-28.63149	KEE_SWA	NSH_N	Keene	NECBL	NECL	20250605-Keene-1	15129db0-426f-11f0-9daa-eb69249eb7d2	69.2654			7.53109							82e0a6d3-bf4e-42ff-b062-da2b3a60cc15	6/6/2025	42:10.6	2025-06-05T20:42:10.6080000-04:00	2025-06-06T00:42:10.6080000Z		v3				Thompson, Zack	1000220619	Right	KEE_SWA	5ed838c6-4dc3-42f6-b891-0139777ce232	55.14097	-104.34194	10.3434	3.03365	6.12952	-14.31575	-0.97879	-2.82946	5.21765																													61.79112			1.145581				-0.30713	5.43514	2.35194	68.8485	15.28029	-55.97642	-0.2051	64.0861	-3.29912	5.65073	25.85389	-15.1781	2.16648	-55.71773	4.28784	High	High	High			High	High	
213	6/5/2025	42:46.2	3	1	Lepine, Andrew 	1000361569	Right	KEE_SWA	Gold, Jack	1000108729	Left	NSH_N	Undefined	7	Top	2	0	0	Slider	Curveball	HitByPitch	Undefined	Undefined	Undefined	0	0		70.087	4.729105	-1.213486	2670.55373	103.985112	9:30	2.7284	0.97929	5.42089	-52.52763	6.79819	-18.74036	2.79206	-1.71928	62.88237	-4.976659	-4.535186	0.554362	65.14975	-7.585591	164.276634					15.32554	15.32554	162.961623	0.198384	9.10772	2.3441	-0.85752	50	3.11298	2.7974	-101.23203	6.85702	9.26087	19.62829	-29.79052	KEE_SWA	NSH_N	Keene	NECBL	NECL	20250605-Keene-1	2a5d0e30-426f-11f0-9daa-eb69249eb7d2	67.99249	3.18657		7.20462				3.23246	3.18657	0.04107	82e0a6d3-bf4e-42ff-b062-da2b3a60cc15	6/6/2025	42:46.2	2025-06-05T20:42:46.2009344-04:00	2025-06-06T00:42:46.2009344Z	GroundBall	v3				Thompson, Zack	1000220619	Right	KEE_SWA	3650c825-5bec-4dce-936e-c2d06a7a27b4	55.07907	-102.21209	9.81415	2.73347	8.34449	-14.89526	-0.98565	2.33499	4.63044		3.23293	-91.20376	5.26301							3.1871	-12.64907	-17.23571							0.04173	25.62405	-16.14																													High	High	High	Low	Medium			
217	6/5/2025	44:13.3	4	4	Lepine, Andrew 	1000361569	Right	KEE_SWA	Dalton, Brody	823913	Left	NSH_N	Undefined	7	Top	2	1	2	Fastball	Curveball	InPlay	Undefined	Popup	Out	1	0		80.21873	3.515471	-3.001375	2189.949399	310.811682	4:15	2.99545	1.4925	5.88556	-51.12774	-6.97382	9.87095	2.00792	-0.4746	72.35965	-5.908277	-1.23435	0.478251	57.78029	40.275625	14.639435	3037.092119	107.35224	51.36521	23.98924	183.22594	177.14279	11.296795	3.885058	-6.01209	-4.26973	-1.25596	50	3.25024	5.70988	-116.11513	5.46257	-8.09552	24.52496	-37.92338	KEE_SWA	NSH_N	Keene	NECBL	NECL	20250605-Keene-1	5e3b40f0-426f-11f0-9daa-eb69249eb7d2	78.81305	51.96142		7.85908				1.42447	2.12072	0.46833	82e0a6d3-bf4e-42ff-b062-da2b3a60cc15	6/6/2025	44:13.3	2025-06-05T20:44:13.2906496-04:00	2025-06-06T00:44:13.2906496Z	Popup	v3				Thompson, Zack	1000220619	Right	KEE_SWA	1ecb0372-9020-4cb4-9b87-56d385dd0688	54.61594	-117.08602	12.26248	3.00427	6.96387	-18.96169	-1.48835	6.03036	-4.04776	169.386789	1.42537	62.52814	-8.32664	1.5458	0.05271	-0.18309	0.06566	-0.01028	0.00062	2.11986	54.80893	-16.24648	1.00074	-0.37307	0.142	-0.03018	0.00299	-0.0001	0.46875	16.32764	-3.53083	0.61851	0.04651	-0.08825	0.03048	-0.00469	0.00028																							High	High	High	High	High			
238	6/5/2025	02:22.8	1	1	Lepine, Andrew 	1000361569	Right	KEE_SWA	Wright, Brooks	1000223489	Left	NSH_N	Undefined	8	Top	0	0	0	Fastball	Changeup	InPlay	Undefined	GroundBall	Single	0	0		76.62048	5.607014	-2.591362	2154.666343	316.36137	4:30	2.73565	0.98457	5.43948	-58.53732	-8.4989	9.95733	3.13018	-0.61386	68.05034	-5.118299	-0.82646	0.509123	53.69075	6.928323	-20.98952	3820.22396				62.06308	59.53016	-23.017484	0.839116	-5.88571	-5.66296	-0.76235	50	3.19338	4.60121	-110.39732	8.87543	-7.08491	24.16137	-38.99082	KEE_SWA	NSH_N	Keene	NECBL	NECL	20250605-Keene-1	e7a6a080-4271-11f0-9daa-eb69249eb7d2	74.03399	4.28068		8.57014				0.75912	2.85774	0.60477	82e0a6d3-bf4e-42ff-b062-da2b3a60cc15	6/6/2025	02:22.8	2025-06-05T21:02:22.8201472-04:00	2025-06-06T01:02:22.8201472Z	GroundBall	v3				Thompson, Zack	1000220619	Right	KEE_SWA	2223b868-acf3-4a24-a4cb-61af203f9c12	55.06	-111.49925	12.08068	2.74805	10.65368	-19.49541	-0.97957	4.92433	-3.54245	100.674691	0.75912	72.98416	-7.27653	0.46595	0.2346	-1.19043	2.10833	-1.9079	0.69652	2.85774	9.49904	-16.09031	0.93287	-0.241	0.47679	-0.77031	0.68291	-0.24597	0.60477	-28.00075	-2.23713	0.41438	-0.07235	-0.12657	0.26223	-0.24141	0.08878																							High	High	High	High	High			
241	6/5/2025	03:33.6	2	3	Lepine, Andrew 	1000361569	Right	KEE_SWA	Perazza, Michael	814111	Left	NSH_N	Undefined	8	Top	0	2	0	ChangeUp	Curveball	InPlay	Undefined	GroundBall	Out	2	0		78.60392	5.307517	-2.048804	2206.41967	309.091905	4:15	2.71924	1.13238	5.42668	-52.55255	-5.18902	8.59099	3.32847	-0.07148	69.9947	-4.335132	-0.525376	0.495329	81.13925	-28.123748	6.056244					6.63033	6.48791	6.383732	0.057838	-4.99638	-3.89776	-0.95682	50	3.15521	3.70668	-113.36255	8.73466	-6.36165	24.88974	-37.13687	KEE_SWA	NSH_N	Keene	NECBL	NECL	20250605-Keene-1	11e3c490-4272-11f0-9daa-eb69249eb7d2	76.09582	3.25574		8.60922				0.53183	3.25574	0.09453	82e0a6d3-bf4e-42ff-b062-da2b3a60cc15	6/6/2025	03:33.6	2025-06-05T21:03:33.6599040-04:00	2025-06-06T01:03:33.6599040Z	GroundBall	v3				Thompson, Zack	1000220619	Right	KEE_SWA	036eedbc-67ce-41fd-899e-22887a4dda0f	55.07219	-114.47077	12.44487	2.72948	10.38819	-18.56844	-1.12817	3.98994	-3.18082	180	0.52845	104.73048								3.25756	-56.29084								0.09418	11.11157																														High	High	High	High	High			
246	6/5/2025	05:37.1	3	5	Lepine, Andrew 	1000361569	Right	KEE_SWA	Sengenberger, Aidan	10034113	Right	NSH_N	Undefined	8	Top	2	1	2	Slider	Curveball	StrikeSwinging	Strikeout	Undefined	Undefined	0	0		71.45917	4.125214	-0.006385	2565.589794	94.131604	9:15	3.10231	1.02835	5.59016	-53.33605	3.56685	-19.36111	2.51632	-0.59104	63.81232	-5.760491	-3.455411	0.542923												9.67178	1.03673	-1.01525	50	3.42312	0.7258	-103.26275	5.86569	10.18293	21.18917	-31.08254	KEE_SWA	NSH_N	Keene	NECBL	NECL	20250605-Keene-1	5b61b3c0-4272-11f0-9daa-eb69249eb7d2	69.42497			7.64685							82e0a6d3-bf4e-42ff-b062-da2b3a60cc15	6/6/2025	05:37.1	2025-06-05T21:05:37.0930000-04:00	2025-06-06T01:05:37.0930000Z		v3				Thompson, Zack	1000220619	Right	KEE_SWA	6d47571f-c44f-4bcb-9249-30bd6e3416dc	54.90641	-104.26467	10.59459	3.11101	7.33541	-15.54127	-1.03818	0.2443	5.09147																													48.68165	3.490373	1.947648	1.542725	-1.27844	2.23063	0.75787	-0.68947	5.65393	4.54669	83.6506	-1.18259	-41.12569	-0.6416	59.20797	-3.00462	5.72032	18.06556	-14.68579	4.49295	-33.88437	2.84506	High	High	High			High	High	
266	6/5/2025	19:35.4	1	4	Lepine, Andrew 	1000361569	Right	KEE_SWA	Marot, Alex	823917	Right	NSH_N	Undefined	9	Top	0	1	2	Slider	Curveball	StrikeSwinging	Strikeout	Undefined	Undefined	0	0		68.41993	4.313738	1.536779	2429.458735	111.136464	9:45	2.86716	1.05427	5.18886	-53.6492	9.1365	-17.61958	2.46381	1.03208	61.2744	-5.578901	-1.576993	0.570298												9.20138	3.80055	-1.18311	50	3.2287	-2.00423	-98.76801	5.8761	8.91852	18.48592	-28.49033	KEE_SWA	NSH_N	Keene	NECBL	NECL	20250605-Keene-1	4f1214f0-4274-11f0-9daa-eb69249eb7d2	66.09255			7.14553							82e0a6d3-bf4e-42ff-b062-da2b3a60cc15	6/6/2025	19:35.4	2025-06-05T21:19:35.4150000-04:00	2025-06-06T01:19:35.4150000Z		v3				Thompson, Zack	1000220619	Right	KEE_SWA	0db726da-30bd-404a-8690-8c1dad2a8873	55.3071	-99.75637	9.24296	2.87382	7.39935	-14.24517	-1.06321	-2.48107	4.45926																													50.85681	2.76672	1.26633	1.500391	-1.7015	2.14137	-0.94135	-3.72741	4.52909	3.32321	72.56271	8.27444	-52.24259	-3.62762	55.39518	-3.07672	4.64583	24.49549	-14.71341	3.22759	-41.07288	2.73509	High	High	High			High	High	
268	6/5/2025	20:22.6	2	2	Lepine, Andrew 	1000361569	Right	KEE_SWA	Powers, Jackson	1000181678	Left	NSH_N	Undefined	9	Top	1	1	0	Slider	Curveball	InPlay	Undefined	LineDrive	Single	0	0		68.00722	3.843017	0.377358	2491.29089	111.253312	9:45	2.57212	1.00215	5.55684	-53.32723	9.04949	-17.52611	1.7244	-0.10577	61.24079	-6.041268	-2.743162	0.568438	78.91534	28.705223	-7.691006	3527.668752	107.5759	46.88239	-22.96354	271.40479	268.30985	-18.440673	3.958813	8.97457	3.93449	-1.02274	50	2.86994	-0.05065	-98.37979	5.13718	8.64593	18.08513	-28.38365	KEE_SWA	NSH_N	Keene	NECBL	NECL	20250605-Keene-1	6b535bb0-4274-11f0-9daa-eb69249eb7d2	66.30884	51.83784		6.76643				1.18541	1.71764	0.10995	82e0a6d3-bf4e-42ff-b062-da2b3a60cc15	6/6/2025	20:22.6	2025-06-05T21:20:22.6550000-04:00	2025-06-06T01:20:22.6550000Z	LineDrive	v3				Thompson, Zack	1000220619	Right	KEE_SWA	062b94f2-e959-4aa6-a5bd-5da5f22856c3	54.94135	-99.284	9.04257	2.57761	6.55629	-14.19182	-1.0094	-0.48293	4.32296	139.022288	1.186	100.5907	-16.85262	3.52556	-0.68749	0.15148	-0.04226	0.00835	-0.00066	1.71768	55.58789	-16.64876	0.65033	0.15989	-0.16872	0.06786	-0.01235	0.00084	0.1104	-13.59949	-5.24502	1.70752	-0.39615	0.07559	-0.01523	0.00239	-0.00016																							High	High	High	High	High			
275	6/5/2025	22:37.7	3	7	Lepine, Andrew 	1000361569	Right	KEE_SWA	Parks, Samuel	1000228989	Left	NSH_N	Undefined	9	Top	1	3	2	Slider	Curveball	BallCalled	Walk	Undefined	Undefined	0	0		69.16438	3.535458	-0.290056	2488.201233	112.957069	9:45	2.5735	0.96598	5.23179	-51.93361	9.42697	-16.82576	1.5734	-0.70882	61.97677	-6.054386	-3.26797	0.563788												8.28603	4.12992	-0.92605	50	2.86144	1.1143	-99.96046	4.6528	8.19667	19.46661	-28.08866	KEE_SWA	NSH_N	Keene	NECBL	NECL	20250605-Keene-1	bbd603d0-4274-11f0-9daa-eb69249eb7d2	66.85565			7.18761							82e0a6d3-bf4e-42ff-b062-da2b3a60cc15	6/6/2025	22:37.7	2025-06-05T21:22:37.7415168-04:00	2025-06-06T01:22:37.7415168Z		v3				Thompson, Zack	1000220619	Right	KEE_SWA	0a3571ac-b040-4c74-a785-20b221ef9ae0	55.26507	-100.98059	9.73331	2.57905	6.12476	-14.04433	-0.97319	0.68476	4.09834																																																			High	High	High					
278	6/5/2025	23:52.0	4	3	Lepine, Andrew 	1000361569	Right	KEE_SWA	Wilson, Ethan	1000303711	Right	NSH_N	Undefined	9	Top	1	0	2	Slider	Curveball	HitByPitch	Undefined	Undefined	Undefined	0	0		68.76973	3.730033	3.097105	2530.757557	107.181316	9:30	2.77772	1.04243	5.22342	-53.77975	7.72682	-18.11985	1.81305	2.44709	62.19462	-6.141414	-0.104712	0.564459												10.2463	3.11858	-1.31334	50	3.08226	-4.76869	-99.42226	4.92864	10.1404	17.61602	-29.08771	KEE_SWA	NSH_N	Keene	NECBL	NECL	20250605-Keene-1	e800c710-4274-11f0-9daa-eb69249eb7d2	66.77626			6.57511							82e0a6d3-bf4e-42ff-b062-da2b3a60cc15	6/6/2025	23:52.0	2025-06-05T21:23:52.0198656-04:00	2025-06-06T01:23:52.0198656Z		v3				Thompson, Zack	1000220619	Right	KEE_SWA	4df7a9f3-61a2-4469-8f31-79a45fb81ae3	55.27936	-100.35332	8.80801	2.78114	6.46601	-14.54386	-1.04714	-5.30465	5.0702																																																			High	High	High					
281	6/5/2025	28:33.1	5	3	Kniebbe, Todd	703634	Right	KEE_SWA	Gold, Jack	1000108729	Left	NSH_N	Undefined	9	Top	1	0	2	Fastball	Four-Seam	StrikeCalled	Strikeout	Undefined	Undefined	0	0		94.85871	-4.026554	-1.112275	2474.444187	196.864744	12:30	6.19332	0.77749	6.63964	-8.16721	22.6447	6.51024	1.81981	0.30165	85.22338	-5.70217	0.072298	0.399513												-3.76681	13.54276	-0.70458	50	5.91682	2.39273	-137.38963	-9.76071	-7.06485	35.76047	-6.7739	KEE_SWA	NSH_N	Keene	NECBL	NECL	20250605-Keene-1	8f84b050-4275-11f0-9daa-eb69249eb7d2	94.34603			9.63533							82e0a6d3-bf4e-42ff-b062-da2b3a60cc15	6/6/2025	28:33.0	2025-06-05T21:28:33.0519552-04:00	2025-06-06T01:28:33.0519552Z		v3				Thompson, Zack	1000220619	Right	KEE_SWA	94466d56-190c-4cb3-bec3-e271be962c43	53.85693	-138.38989	17.88023	6.18719	-9.57123	-3.38695	-0.77427	2.59034	-3.53242																																																			High	High	High					
284	6/5/2025	29:52.4	6	3	Kniebbe, Todd	703634	Right	KEE_SWA	Dalton, Brody	823913	Left	NSH_N	Undefined	9	Top	2	2	0	Fastball	Four-Seam	InPlay	Undefined	GroundBall	Single	0	2		94.48346	-4.49734	-1.328787	2502.61423	195.821996	12:30	6.10719	0.81154	6.78865	-6.84307	23.87769	6.45134	1.42196	0.13595	85.41015	-5.924352	-0.151934	0.398921												-3.84288	14.40623	-0.72742	50	5.81134	2.92111	-136.90683	-10.8215	-7.19908	33.88243	-5.18593	KEE_SWA	NSH_N	Keene	NECBL	NECL	20250605-Keene-1	bed36fe0-4275-11f0-9daa-eb69249eb7d2	94.48587			9.07331							82e0a6d3-bf4e-42ff-b062-da2b3a60cc15	6/6/2025	29:52.4	2025-06-05T21:29:52.4574208-04:00	2025-06-06T01:29:52.4574208Z		v3				Thompson, Zack	1000220619	Right	KEE_SWA	6b457ea3-403d-482b-a67b-59640838f2d9	53.71084	-137.82215	16.94122	6.10178	-10.6814	-2.59297	-0.80896	3.11558	-3.59954																																																			High	High	High					
290	6/5/2025	33:04.0	7	6	Kniebbe, Todd	703634	Right	KEE_SWA	Wright, Brooks	1000223489	Left	NSH_N	Undefined	9	Top	2	2	2	Fastball	Four-Seam	StrikeSwinging	Strikeout	Undefined	Undefined	0	0		94.93689	-3.542501	-1.268467	2507.155039	202.895457	12:45	6.06803	0.88387	6.71184	-9.70146	20.78792	8.31386	2.01611	0.41688	85.73394	-5.488903	0.246561	0.397416												-4.7502	12.37158	-0.80243	50	5.82833	2.70156	-137.65506	-8.67813	-8.99185	34.39596	-8.75533	KEE_SWA	NSH_N	Keene	NECBL	NECL	20250605-Keene-1	31030120-4276-11f0-9daa-eb69249eb7d2	94.84372			9.20295							82e0a6d3-bf4e-42ff-b062-da2b3a60cc15	6/6/2025	33:04.0	2025-06-05T21:33:03.9608320-04:00	2025-06-06T01:33:03.9608320Z		v3				Thompson, Zack	1000220619	Right	KEE_SWA	75d2b64c-1dd5-4c08-83af-3d7531f071dd	53.78539	-138.59769	17.19798	6.06287	-8.43819	-4.37767	-0.87985	2.94798	-4.49592																																																			High	High	High					
